-1.7,-1.65,1.65,1.75,1.85,2.0,2.0,2.15,2.35,2.45,2.55,2.7,2.7,2.8,2.8,2.9,2.9,3.0,3.0,3.1,3.1,3.2,3.2,3.1,3.1,3.0,3.0,2.9,2.9,2.8,2.8,2.7,2.7,2.55,2.45,2.35,1.95,1.8,1.8,1.65,1.55,1.45,-1.15,-1.25,-1.35,-1.6,-1.6,-1.65,-2.05,-2.15,-2.25,-2.5,-2.5,-2.6,-2.6,-2.7,-2.7,-2.8,-2.8,-2.9,-2.9,-3.0,-3.0,-3.1,-3.1,-3.0,-3.0,-3.1,-3.1,-3.2,-3.2,-3.1,-3.1,-3.0,-3.0,-2.9,-2.9,-2.75,-2.65,-2.55,-2.15,-2.1,-2.1,-1.85,-1.75,-1.7
-1.2,-1.15,0.95,1.05,1.55,1.65,1.75,1.85,1.95,2.15,2.25,2.35,2.55,2.65,2.75,2.85,2.95,3.1,3.1,3.2,3.2,3.4,3.4,3.5,3.5,3.6,3.6,3.5,3.5,3.6,3.6,3.5,3.5,3.4,3.4,3.3,3.3,2.9,2.9,2.65,2.55,2.45,2.25,2.15,1.75,1.65,1.55,1.45,1.35,1.25,-0.85,-0.95,-1.35,-1.45,-1.55,-1.75,-1.85,-1.95,-2.15,-2.25,-2.35,-2.7,-2.7,-2.8,-2.8,-3.0,-3.0,-3.1,-3.1,-3.25,-3.35,-3.6,-3.6,-3.7,-3.7,-3.9,-3.9,-4.0,-4.0,-4.1,-4.1,-4.0,-4.0,-3.9,-3.9,-3.8,-3.8,-3.7,-3.7,-3.6,-3.6,-3.5,-3.5,-3.3,-3.3,-3.2,-3.2,-3.05,-2.95,-2.85,-2.75,-2.6,-2.6,-2.35,-2.25,-2.15,-1.55,-1.5,-1.5,-1.35,-1.25,-1.2
-1.6,-1.55,1.55,1.65,1.75,2.15,2.45,2.55,2.65,3.2,3.2,3.3,3.3,3.4,3.4,3.3,3.3,3.2,3.2,3.1,3.1,2.65,2.55,2.45,2.15,1.75,1.65,1.55,-1.65,-1.75,-1.85,-2.25,-2.45,-2.55,-2.65,-3.1,-3.1,-3.2,-3.2,-3.3,-3.3,-3.4,-3.4,-3.3,-3.3,-3.2,-3.2,-3.1,-3.1,-2.65,-2.55,-2.45,-2.15,-1.75,-1.65,-1.6
-0.3,-0.25,0.75,1.05,1.15,1.35,1.45,1.85,1.95,2.2,2.2,2.3,2.3,2.4,2.4,2.3,2.3,2.2,2.2,2.1,2.1,2.0,2.0,1.9,1.9,1.6,1.6,1.35,1.05,0.85,0.05,-0.05,-0.95,-1.15,-1.35,-1.8,-1.8,-1.9,-1.9,-2.0,-2.0,-2.1,-2.1,-2.0,-2.0,-1.9,-1.9,-1.7,-1.7,-1.6,-1.6,-1.4,-1.4,-1.3,-1.3,-1.2,-1.2,-0.55,-0.45,-0.3
-1.7,-1.65,1.25,1.35,1.75,2.25,2.65,3.05,3.15,3.25,3.65,3.9,3.9,4.2,4.2,4.5,4.5,4.6,4.6,4.7,4.7,4.8,4.8,4.7,4.7,4.6,4.6,4.2,4.2,4.1,4.1,4.0,4.0,3.9,3.9,3.55,1.75,1.65,1.05,0.95,0.15,0.05,-0.45,-0.55,-2.35,-2.55,-2.65,-3.2,-3.2,-3.4,-3.4,-3.5,-3.5,-3.6,-3.6,-3.7,-3.7,-3.8,-3.8,-3.9,-3.9,-4.0,-4.0,-4.1,-4.1,-3.8,-3.8,-3.7,-3.7,-3.6,-3.6,-3.25,-3.15,-3.05,-2.95,-2.9,-2.9,-2.65,-2.55,-2.05,-1.75,-1.7
-1.0,-0.98,-0.96,-0.93,-0.91,-0.89,-0.84,-0.82,-0.79,-0.75,-0.72,-0.7,-0.68,-0.65,-0.63,-0.61,-0.58,-0.56,-0.54,-0.51,-0.49,-0.47,-0.44,-0.42,-0.4,-0.37,-0.35,-0.33,-0.3,-0.28,-0.28,-0.26,-0.26,-0.23,-0.23,-0.21,-0.19,-0.14,-0.14,-0.12,-0.09,-0.05,-0.02,0.0,0.05,0.07,0.07,0.09,0.12,0.14,0.19,0.19,0.21,0.23,0.26,0.28,0.3,0.35,0.37,0.4,0.42,0.44,0.47,0.49,0.54,0.54,0.56,0.58,0.61,0.76,1.23,1.66,1.92,2.0,2.13,2.17,2.1,2.0,1.89,1.73,1.35,1.03,0.74,0.32,-0.07,-0.68,-1.05,-1.55,-1.93,-1.98,-1.98,-1.98,-2.0,-2.03,-2.03,-2.03,-2.03,-2.05,-2.07,-2.1,-2.1,-2.12,-2.12,-2.14,-2.14,-2.14,-2.17,-2.19,-2.19,-2.19,-2.21,-2.21,-2.21,-2.24,-2.24,-2.26,-2.28,-2.28,-2.28,-2.31,-2.31,-2.33,-2.33,-2.33,-2.35,-2.35,-2.35,-2.38,-2.38,-2.38,-2.4,-2.4,-2.4,-2.42,-2.45,-2.45,-2.47,-2.47,-2.47,-2.49,-2.49,-2.49,-2.52,-2.54,-2.54,-2.54,-2.54,-2.54,-2.54,-2.54,-2.59,-2.59,-2.59,-2.59,-2.59,-2.59,-2.59,-2.59,-2.59,-2.59,-2.59,-2.61,-2.61,-2.61,-2.61,-2.61,-2.61,-2.61,-2.59,-2.59,-2.59,-2.59,-2.59,-2.56,-2.56,-2.56,-2.56,-2.56,-2.56,-2.54,-2.54,-2.54,-2.54,-2.54,-2.54,-2.52,-2.52,-2.52,-2.52,-2.49,-2.49,-2.47,-2.47,-2.47,-2.45,-2.45,-2.45,-2.42,-2.4,-2.38,-2.38,-2.35,-2.35,-2.33,-2.31,-2.31,-2.31,-2.28,-2.28,-2.26,-2.24,-2.24,-2.21,-2.19,-2.19,-2.17,-2.14,-2.14,-2.12,-2.12,-2.1,-2.1,-2.07,-2.07,-2.05,-2.05,-2.03,-2.03,-2.0,-2.0,-1.98,-1.96,-1.96,-1.93,-1.93,-1.91,-1.89,-1.89,-1.86,-1.86,-1.86,-1.84,-1.82,-1.79,-1.77,-1.77,-1.75,-1.72,-1.7,-1.7,-1.68,-1.68,-1.65,-1.65,-1.63,-1.63,-1.63,-1.61,-1.58,-1.56,-1.56,-1.54,-1.54,-1.51,-1.49,-1.47,-1.47,-1.44,-1.42,-1.42,-1.4,-1.4,-1.37,-1.35,-1.33,-1.3,-1.28,-1.26,-1.23,-1.21,-1.21,-1.19,-1.16,-1.14,-1.14,-1.12,-1.09,-1.07,-1.05,-1.02,-1.0
-2.6,-2.55,0.35,0.6,0.6,0.65,1.05,1.3,1.3,1.35,1.85,2.1,2.1,2.4,2.4,2.45,2.65,2.9,2.9,3.0,3.0,3.05,3.35,3.6,3.6,3.7,3.7,4.0,4.0,4.1,4.1,3.9,3.9,3.7,3.7,3.4,3.4,3.15,2.85,2.8,2.8,2.55,2.35,2.3,2.3,2.05,-1.05,-1.3,-1.3,-1.35,-1.75,-2.0,-2.0,-2.05,-2.35,-2.6,-2.6,-2.7,-2.7,-2.8,-2.8,-2.9,-2.9,-3.1,-3.1,-3.2,-3.2,-3.5,-3.5,-3.8,-3.8,-3.9,-3.9,-3.65,-3.35,-3.3,-3.3,-3.05,-2.85,-2.8,-2.8,-2.6
0.6,0.65,3.55,3.65,3.85,3.95,4.05,4.15,4.25,4.35,4.45,4.55,4.65,4.9,4.9,5.0,5.0,5.1,5.1,4.85,4.75,4.7,4.7,4.45,4.35,4.3,4.3,4.2,4.2,4.1,4.1,3.65,3.55,3.5,3.5,3.4,3.4,3.6,3.6,3.7,3.7,3.25,3.05,3.0,3.0,2.65,2.55,2.4,2.4,2.15,1.95,1.85,1.55,1.45,1.05,0.95,0.55,0.45,0.15,0.05,-0.25,-0.35,-0.55,-0.65,-0.95,-1.05,-1.25,-1.35,-1.45,-1.55,-1.75,-1.85,-2.85,-2.95,-3.05,-3.3,-3.3,-3.65,-3.75,-4.0,-4.0,-4.1,-4.1,-4.0,-4.0,-3.75,-3.65,-3.6,-3.6,-3.4,-3.4,-3.3,-3.3,-3.2,-3.2,-2.9,-2.9,-2.35,-2.25,-2.2,-2.2,-1.85,-1.75,-1.7,-1.7,-1.2,-1.2,-0.75,-0.55,-0.5,-0.5,-0.05,0.05,0.15,0.25,0.35,0.55,0.6
-1.9,-1.85,-0.55,-0.45,0.55,0.65,1.25,1.35,1.65,1.75,1.85,2.25,2.35,2.45,2.55,3.1,3.1,3.2,3.2,3.3,3.3,3.4,3.4,3.5,3.5,3.4,3.4,3.3,3.3,3.2,3.2,3.1,3.1,3.0,3.0,2.9,2.9,2.8,2.8,2.7,2.7,2.6,2.6,2.5,2.5,2.15,2.05,1.95,1.55,1.45,1.35,1.25,1.15,1.05,0.95,0.85,-0.55,-0.65,-1.25,-1.35,-1.75,-1.85,-1.95,-2.35,-2.45,-2.55,-2.65,-2.75,-2.85,-3.8,-3.8,-3.9,-3.9,-4.0,-4.0,-4.1,-4.1,-4.2,-4.2,-4.3,-4.3,-4.2,-4.2,-4.1,-4.1,-4.0,-4.0,-3.9,-3.9,-3.4,-3.4,-3.3,-3.3,-2.95,-2.85,-2.75,-2.35,-2.05,-1.95,-1.9
-4.61,-4.37,-4.11,-3.81,-3.55,-3.21,-2.72,-2.15,-1.82,-1.06,-0.3,0.27,1.16,1.59,2.02,2.29,3.02,3.31,3.41,3.45,3.48,3.51,3.18,2.88,2.58,1.99,1.56,1.16,0.56,0.23,-0.53,-1.23,-1.66,-2.12,-2.82,-3.12,-3.41,-3.58,-3.68,-3.78,-3.88,-4.14,-4.24,-4.41,-4.54,-4.64,-4.57,-4.61
-3.2,-3.15,0.95,1.2,1.2,1.25,2.05,2.3,2.3,2.35,2.55,2.8,2.8,2.85,3.05,3.3,3.3,3.05,2.95,2.9,2.9,2.65,2.45,2.4,2.4,2.15,2.05,2.0,2.0,1.75,1.55,1.5,1.5,1.25,-1.05,-1.3,-1.3,-1.35,-2.35,-2.6,-2.6,-2.65,-2.85,-3.1,-3.1,-2.95,-2.95,-3.05,-3.3,-3.3,-3.35,-3.55,-3.8,-3.8,-4.0,-4.0,-4.1,-4.1,-3.8,-3.8,-3.55,-3.45,-3.4,-3.4,-3.2
1.0,1.05,2.15,2.95,3.05,3.3,3.3,3.35,3.55,3.8,3.8,3.9,3.9,4.0,4.0,4.1,4.1,4.2,4.2,3.9,3.9,3.55,3.25,3.15,2.85,2.8,2.8,2.7,2.7,2.35,2.15,2.05,1.75,1.65,1.45,1.35,0.95,0.85,0.45,0.35,-0.05,-0.15,-1.05,-1.15,-1.25,-1.45,-2.15,-2.4,-2.4,-2.5,-2.5,-3.2,-3.2,-3.3,-3.3,-3.4,-3.4,-3.5,-3.5,-3.6,-3.6,-3.4,-3.4,-3.3,-3.3,-3.2,-3.2,-2.85,-2.65,-2.55,-2.25,-2.15,-1.75,-1.6,-1.6,-1.35,-1.25,-1.15,-0.95,-0.85,-0.45,-0.35,-0.05,0.05,0.45,0.55,0.95,1.0
-1.2,-1.15,0.95,1.05,1.55,1.65,1.75,1.85,1.95,2.15,2.25,2.35,2.55,2.65,2.75,2.85,2.95,3.1,3.1,3.2,3.2,3.4,3.4,3.5,3.5,3.6,3.6,3.5,3.5,3.6,3.6,3.5,3.5,3.4,3.4,3.3,3.3,2.9,2.9,2.65,2.55,2.45,2.25,2.15,1.75,1.65,1.55,1.45,1.35,1.25,-0.85,-0.95,-1.35,-1.45,-1.55,-1.75,-1.85,-1.95,-2.15,-2.25,-2.35,-2.7,-2.7,-2.8,-2.8,-3.0,-3.0,-3.1,-3.1,-3.25,-3.35,-3.6,-3.6,-3.7,-3.7,-3.9,-3.9,-4.0,-4.0,-4.1,-4.1,-4.0,-4.0,-3.9,-3.9,-3.8,-3.8,-3.7,-3.7,-3.6,-3.6,-3.5,-3.5,-3.3,-3.3,-3.2,-3.2,-3.05,-2.95,-2.85,-2.75,-2.6,-2.6,-2.35,-2.25,-2.15,-1.55,-1.5,-1.5,-1.35,-1.25,-1.2
-1.7,-1.65,-0.85,-0.75,-0.65,0.0,0.0,0.2,0.2,0.9,0.9,1.5,1.5,1.8,1.8,2.05,2.15,2.4,2.4,2.55,2.65,3.0,3.0,3.2,3.2,3.3,3.3,2.9,2.9,2.4,2.4,2.3,2.3,1.75,1.65,1.6,1.6,1.0,1.0,1.1,1.1,0.55,-0.65,-0.9,-0.9,-1.15,-1.25,-2.3,-2.3,-3.35,-3.45,-3.75,-3.85,-4.8,-4.8,-4.75,-4.75,-4.9,-4.9,-4.8,-4.8,-4.7,-4.7,-4.2,-4.2,-3.75,-3.65,-3.45,-2.95,-2.75,-2.65,-2.55,-1.75,-1.7
1.72,-0.39,-0.4,-0.4,-0.45,-1.15,-1.4,-1.4,-1.7,-1.7,-1.9,-1.9,-2.0,-2.0,-1.75,-0.85,-0.82,2.35,2.43,2.4,2.4,2.2,2.2,1.9,1.9,1.8,1.8,1.72
2.25,3.31,4.34,5.07,5.24,5.24,4.58,3.76,2.41,0.16,-2.25,-3.03,-3.31,-4.05,-4.75,-5.07,-5.24,-5.2,-5.11,-4.62,-3.93,-2.82,-0.53,1.23,2.17,2.25
0.94,-0.13,-0.95,-1.64,-2.43,-3.01,-3.32,-3.39,-3.01,-2.39,-1.67,-0.99,-0.16,0.73,1.55,2.24,2.65,2.76,2.89,3.06,3.17,3.2,2.93,2.41,1.79,0.97,0.94
-0.6,-0.55,3.35,3.45,3.65,3.75,3.85,4.15,4.35,4.45,4.55,5.0,5.0,5.1,5.1,5.2,5.2,5.1,5.1,5.0,5.0,5.1,5.1,5.0,5.0,4.9,4.9,4.7,4.7,4.6,4.6,4.5,4.5,4.4,4.4,3.95,3.85,3.75,3.45,3.05,2.95,2.85,-1.55,-1.65,-1.85,-1.95,-2.05,-2.35,-2.65,-2.75,-2.85,-3.25,-3.35,-3.45,-3.55,-3.9,-3.9,-4.0,-4.0,-4.25,-4.45,-4.55,-4.65,-5.0,-5.0,-5.1,-5.1,-5.2,-5.2,-5.3,-5.3,-5.2,-5.2,-5.1,-5.1,-5.0,-5.0,-4.65,-4.55,-4.45,-4.25,-3.85,-3.75,-3.65,-3.35,-3.1,-3.1,-3.0,-3.0,-2.65,-2.55,-2.45,-2.35,-1.95,-1.85,-1.75,-1.45,-1.15,-1.05,-0.95,-0.65,-0.6
-3.0,-2.95,-0.65,-0.55,-0.45,-0.1,-0.1,-0.05,0.05,0.45,1.45,1.55,1.65,2.0,2.0,2.05,2.15,2.55,2.75,2.85,2.95,3.3,3.3,3.35,3.45,3.8,3.8,3.9,3.9,4.1,4.1,4.5,4.5,4.6,4.6,4.7,4.7,4.6,4.6,4.4,4.4,4.3,4.3,4.1,4.1,4.0,4.0,3.65,3.55,3.45,3.25,2.8,2.8,2.45,2.35,2.25,-2.95,-3.05,-3.15,-3.5,-3.5,-3.6,-3.6,-3.8,-3.8,-3.9,-3.9,-3.8,-3.8,-3.7,-3.7,-3.9,-3.9,-4.0,-4.0,-4.1,-4.1,-4.3,-4.3,-4.4,-4.4,-4.3,-4.3,-4.0,-4.0,-3.9,-3.9,-3.5,-3.5,-3.15,-3.05,-3.0
-3.1,-3.05,2.95,3.05,3.15,3.55,3.85,3.95,4.05,4.3,4.3,4.4,4.4,4.6,4.6,4.7,4.7,4.8,4.8,4.9,4.9,5.0,5.0,5.1,5.1,5.0,5.0,4.9,4.9,4.8,4.8,4.7,4.7,4.45,4.35,4.25,3.98,-1.76,-1.95,-2.05,-2.15,-2.4,-2.4,-2.45,-2.65,-2.75,-2.85,-3.1,-3.1,-3.15,-3.55,-3.65,-3.75,-4.0,-4.0,-4.4,-4.4,-4.5,-4.5,-4.6,-4.6,-4.5,-4.5,-4.4,-4.4,-4.15,-4.05,-3.95,-3.55,-3.5,-3.5,-3.25,-3.15,-3.1
-1.0,-0.98,-0.96,-0.93,-0.91,-0.89,-0.84,-0.82,-0.79,-0.75,-0.72,-0.7,-0.68,-0.65,-0.63,-0.61,-0.58,-0.56,-0.54,-0.51,-0.49,-0.47,-0.44,-0.42,-0.4,-0.37,-0.35,-0.33,-0.3,-0.28,-0.28,-0.26,-0.26,-0.23,-0.23,-0.21,-0.19,-0.14,-0.14,-0.12,-0.09,-0.05,-0.02,0.0,0.05,0.07,0.07,0.09,0.12,0.14,0.19,0.19,0.21,0.23,0.26,0.28,0.3,0.35,0.37,0.4,0.42,0.44,0.47,0.49,0.54,0.54,0.56,0.58,0.61,0.76,1.23,1.66,1.92,2.0,2.13,2.17,2.1,2.0,1.89,1.73,1.35,1.03,0.74,0.32,-0.07,-0.68,-1.05,-1.55,-1.93,-1.98,-1.98,-1.98,-2.0,-2.03,-2.03,-2.03,-2.03,-2.05,-2.07,-2.1,-2.1,-2.12,-2.12,-2.14,-2.14,-2.14,-2.17,-2.19,-2.19,-2.19,-2.21,-2.21,-2.21,-2.24,-2.24,-2.26,-2.28,-2.28,-2.28,-2.31,-2.31,-2.33,-2.33,-2.33,-2.35,-2.35,-2.35,-2.38,-2.38,-2.38,-2.4,-2.4,-2.4,-2.42,-2.45,-2.45,-2.47,-2.47,-2.47,-2.49,-2.49,-2.49,-2.52,-2.54,-2.54,-2.54,-2.54,-2.54,-2.54,-2.54,-2.59,-2.59,-2.59,-2.59,-2.59,-2.59,-2.59,-2.59,-2.59,-2.59,-2.59,-2.61,-2.61,-2.61,-2.61,-2.61,-2.61,-2.61,-2.59,-2.59,-2.59,-2.59,-2.59,-2.56,-2.56,-2.56,-2.56,-2.56,-2.56,-2.54,-2.54,-2.54,-2.54,-2.54,-2.54,-2.52,-2.52,-2.52,-2.52,-2.49,-2.49,-2.47,-2.47,-2.47,-2.45,-2.45,-2.45,-2.42,-2.4,-2.38,-2.38,-2.35,-2.35,-2.33,-2.31,-2.31,-2.31,-2.28,-2.28,-2.26,-2.24,-2.24,-2.21,-2.19,-2.19,-2.17,-2.14,-2.14,-2.12,-2.12,-2.1,-2.1,-2.07,-2.07,-2.05,-2.05,-2.03,-2.03,-2.0,-2.0,-1.98,-1.96,-1.96,-1.93,-1.93,-1.91,-1.89,-1.89,-1.86,-1.86,-1.86,-1.84,-1.82,-1.79,-1.77,-1.77,-1.75,-1.72,-1.7,-1.7,-1.68,-1.68,-1.65,-1.65,-1.63,-1.63,-1.63,-1.61,-1.58,-1.56,-1.56,-1.54,-1.54,-1.51,-1.49,-1.47,-1.47,-1.44,-1.42,-1.42,-1.4,-1.4,-1.37,-1.35,-1.33,-1.3,-1.28,-1.26,-1.23,-1.21,-1.21,-1.19,-1.16,-1.14,-1.14,-1.12,-1.09,-1.07,-1.05,-1.02,-1.0
-3.5,-3.45,0.35,0.45,0.55,0.7,0.7,0.75,1.25,1.35,1.45,1.55,1.65,1.8,1.8,1.9,1.9,2.1,2.1,2.15,2.55,2.65,2.75,2.85,2.95,3.1,3.1,3.25,3.45,3.55,3.65,3.8,3.8,4.2,4.2,4.35,4.45,4.6,4.6,4.75,5.25,5.35,5.45,5.6,5.6,5.7,5.7,5.8,5.8,5.9,5.9,6.0,6.0,5.9,5.9,5.8,5.8,5.7,5.7,5.6,5.6,5.5,5.5,5.3,5.3,5.2,5.2,5.05,4.95,4.85,4.25,4.1,4.1,3.95,3.85,3.75,0.35,0.25,0.15,0.0,0.0,-0.15,-0.65,-0.75,-0.85,-1.0,-1.0,-1.15,-1.65,-1.75,-1.85,-2.0,-2.0,-2.15,-2.55,-2.65,-2.75,-2.9,-2.9,-2.95,-3.45,-3.55,-3.65,-3.9,-3.9,-4.05,-4.15,-4.3,-4.3,-4.4,-4.4,-4.6,-4.6,-4.7,-4.7,-4.85,-4.95,-5.05,-5.15,-5.3,-5.3,-5.4,-5.4,-5.6,-5.6,-5.7,-5.7,-5.6,-5.6,-5.4,-5.4,-5.3,-5.3,-5.15,-5.05,-5.0,-5.0,-4.9,-4.9,-4.75,-4.65,-4.55,-3.95,-3.8,-3.8,-3.65,-3.55,-3.5
0.95,-0.81,-2.87,-4.39,-5.07,-5.0,-4.73,-3.95,-2.26,-0.68,0.81,1.99,2.67,3.14,3.38,3.58,3.55,3.31,2.57,1.86,0.91,0.95
-2.0,-1.95,-0.95,-0.85,0.55,0.65,1.85,1.95,2.05,2.15,2.25,2.65,2.85,2.95,3.05,3.4,3.4,3.5,3.5,3.6,3.6,3.5,3.5,3.45,3.45,3.5,3.5,3.4,3.4,3.3,3.3,3.2,3.2,3.1,3.1,3.0,3.0,2.65,2.55,2.45,2.05,1.75,1.65,1.55,1.45,1.35,-0.05,-0.15,-1.45,-1.55,-2.35,-2.45,-2.55,-2.9,-2.9,-2.95,-3.15,-3.25,-3.35,-3.7,-3.7,-3.8,-3.8,-3.9,-3.9,-3.8,-3.8,-3.7,-3.7,-3.6,-3.6,-3.5,-3.5,-3.4,-3.4,-3.05,-2.95,-2.85,-2.55,-2.15,-2.05,-2.0
-1.9,-1.85,2.05,2.3,2.3,2.35,2.85,3.1,3.1,3.15,3.35,3.6,3.6,3.7,3.7,3.9,3.9,4.0,4.0,4.05,4.15,4.4,4.4,4.6,4.6,4.5,4.5,4.4,4.4,4.3,4.3,4.2,4.2,4.0,4.0,3.75,3.15,3.1,3.1,2.85,0.45,0.35,-2.25,-2.35,-2.55,-2.8,-2.8,-2.85,-3.45,-3.7,-3.7,-3.9,-3.9,-4.1,-4.1,-4.2,-4.2,-4.4,-4.4,-4.2,-4.2,-4.3,-4.3,-4.2,-4.2,-4.1,-4.1,-3.9,-3.9,-3.6,-3.6,-3.5,-3.5,-3.25,-3.05,-3.0,-3.0,-2.75,-2.15,-2.1,-2.1,-1.9
-4.69,-4.88,-4.88,-4.61,-4.12,-3.89,-3.5,-3.05,-2.4,-1.83,-1.64,-1.41,-1.19,-0.97,-0.74,-0.52,-0.3,-0.07,0.15,0.37,0.59,0.82,1.04,1.26,1.49,1.69,1.91,2.13,2.33,2.53,2.73,2.95,3.17,3.37,3.57,3.77,3.97,4.16,4.34,4.51,4.66,4.78,4.88,4.93,4.96,4.98,4.98,5.01,4.98,4.98,4.98,4.98,4.98,4.98,4.98,4.98,4.98,4.98,4.98,4.98,4.98,4.96,4.96,4.96,4.93,4.93,4.93,4.93,4.91,4.91,4.91,4.88,4.88,4.86,4.86,4.86,4.86,4.83,4.83,4.81,4.81,4.78,4.78,4.78,4.78,4.76,4.76,4.76,4.76,4.74,4.34,4.24,4.24,4.21,4.21,4.21,4.21,4.19,4.19,4.19,4.16,4.16,4.16,4.16,4.16,4.16,4.16,4.16,4.16,4.16,4.16,4.16,4.16,4.16,4.16,4.16,4.16,4.16,4.16,4.16,4.16,4.16,4.14,4.14,4.14,4.14,4.12,4.12,4.12,4.09,4.09,4.16,4.16,4.02,3.64,2.83,1.98,1.78,1.56,1.34,1.12,0.89,0.67,0.45,0.22,0.0,-0.22,-0.45,-0.67,-0.89,-1.09,-1.31,-1.54,-1.74,-1.93,-2.13,-2.33,-2.53,-2.73,-2.88,-3.05,-3.22,-3.4,-3.94,-4.29,-4.64,-4.69,-4.71,-4.69
-0.6,-0.55,3.35,3.45,3.65,3.75,3.85,4.15,4.35,4.45,4.55,5.0,5.0,5.1,5.1,5.2,5.2,5.1,5.1,5.0,5.0,5.1,5.1,5.0,5.0,4.9,4.9,4.7,4.7,4.6,4.6,4.5,4.5,4.4,4.4,3.95,3.85,3.75,3.45,3.05,2.95,2.85,-1.55,-1.65,-1.85,-1.95,-2.05,-2.35,-2.65,-2.75,-2.85,-3.25,-3.35,-3.45,-3.55,-3.9,-3.9,-4.0,-4.0,-4.25,-4.45,-4.55,-4.65,-5.0,-5.0,-5.1,-5.1,-5.2,-5.2,-5.3,-5.3,-5.2,-5.2,-5.1,-5.1,-5.0,-5.0,-4.65,-4.55,-4.45,-4.25,-3.85,-3.75,-3.65,-3.35,-3.1,-3.1,-3.0,-3.0,-2.65,-2.55,-2.45,-2.35,-1.95,-1.85,-1.75,-1.45,-1.15,-1.05,-0.95,-0.65,-0.6
-2.0,-1.95,2.85,2.95,3.05,3.4,3.4,3.5,3.5,3.6,3.6,3.7,3.7,3.8,3.8,3.9,3.9,4.0,4.0,4.2,4.2,4.3,4.3,4.5,4.5,4.6,4.6,4.7,4.7,4.8,4.8,4.9,4.9,5.0,5.0,4.9,4.9,4.7,4.7,4.6,4.6,4.5,4.5,4.4,4.4,4.15,4.05,3.9,3.9,3.5,3.5,3.4,3.4,3.15,3.05,2.95,-2.25,-2.35,-2.45,-2.7,-2.7,-2.75,-3.75,-3.85,-3.95,-4.2,-4.2,-4.3,-4.3,-4.5,-4.5,-4.9,-4.9,-5.0,-5.0,-5.1,-5.1,-5.0,-5.0,-4.9,-4.9,-4.8,-4.8,-4.7,-4.7,-4.3,-4.3,-4.2,-4.2,-4.1,-4.1,-3.85,-3.75,-3.65,-3.55,-3.5,-3.5,-3.25,-3.15,-3.05,-2.95,-2.9,-2.9,-2.6,-2.6,-2.5,-2.5,-2.15,-2.05,-2.0
-1.2,-1.15,1.75,1.85,1.95,2.2,2.2,2.25,2.95,3.05,3.15,3.3,3.3,3.4,3.4,3.5,3.5,3.6,3.6,3.8,3.8,3.9,3.9,4.0,4.0,4.1,4.1,4.0,4.0,3.9,3.9,3.8,3.8,3.7,3.7,3.55,3.45,3.4,3.4,3.3,3.3,3.15,3.05,2.8,2.8,2.65,2.55,2.45,1.85,1.7,1.7,1.55,1.45,1.35,-2.55,-2.65,-2.75,-2.9,-2.9,-3.05,-3.55,-3.65,-3.75,-3.9,-3.9,-4.0,-4.0,-4.2,-4.2,-4.3,-4.3,-4.4,-4.4,-4.3,-4.3,-4.2,-4.2,-4.1,-4.1,-3.9,-3.9,-3.8,-3.8,-3.6,-3.6,-3.5,-3.5,-3.4,-3.4,-3.3,-3.3,-3.1,-3.1,-3.0,-3.0,-2.85,-2.75,-2.5,-2.5,-2.35,-2.25,-2.15,-1.65,-1.5,-1.5,-1.35,-1.25,-1.2
-3.5,-3.45,0.35,0.45,0.55,0.7,0.7,0.75,1.25,1.35,1.45,1.55,1.65,1.8,1.8,1.9,1.9,2.1,2.1,2.15,2.55,2.65,2.75,2.85,2.95,3.1,3.1,3.25,3.45,3.55,3.65,3.8,3.8,4.2,4.2,4.35,4.45,4.6,4.6,4.75,5.25,5.35,5.45,5.6,5.6,5.7,5.7,5.8,5.8,5.9,5.9,6.0,6.0,5.9,5.9,5.8,5.8,5.7,5.7,5.6,5.6,5.5,5.5,5.3,5.3,5.2,5.2,5.05,4.95,4.85,4.25,4.1,4.1,3.95,3.85,3.75,0.35,0.25,0.15,0.0,0.0,-0.15,-0.65,-0.75,-0.85,-1.0,-1.0,-1.15,-1.65,-1.75,-1.85,-2.0,-2.0,-2.15,-2.55,-2.65,-2.75,-2.9,-2.9,-2.95,-3.45,-3.55,-3.65,-3.9,-3.9,-4.05,-4.15,-4.3,-4.3,-4.4,-4.4,-4.6,-4.6,-4.7,-4.7,-4.85,-4.95,-5.05,-5.15,-5.3,-5.3,-5.4,-5.4,-5.6,-5.6,-5.7,-5.7,-5.6,-5.6,-5.4,-5.4,-5.3,-5.3,-5.15,-5.05,-5.0,-5.0,-4.9,-4.9,-4.75,-4.65,-4.55,-3.95,-3.8,-3.8,-3.65,-3.55,-3.5
-2.09,-2.23,-2.3,-2.37,-2.44,-2.44,-2.51,-2.62,-2.69,-2.76,-2.8,-2.8,-2.83,-2.83,-2.83,-2.83,-2.87,-2.87,-2.87,-2.87,-2.87,-2.87,-2.87,-2.87,-2.9,-2.9,-2.9,-2.9,-2.9,-2.92,-2.92,-2.92,-2.92,-2.92,-2.94,-2.94,-2.94,-2.94,-2.94,-2.94,-2.94,-2.97,-2.97,-2.97,-2.97,-2.99,-2.99,-2.99,-2.99,-2.99,-2.99,-2.99,-2.99,-2.99,-2.99,-2.99,-2.99,-2.99,-2.99,-2.99,-3.01,-3.01,-3.01,-3.01,-3.01,-3.01,-3.01,-3.01,-3.01,-3.01,-3.01,-3.01,-3.01,-3.01,-3.01,-3.01,-3.01,-3.01,-3.01,-2.99,-2.99,-2.99,-2.99,-2.99,-2.99,-2.99,-2.99,-2.97,-2.97,-2.97,-2.97,-2.97,-2.97,-2.97,-2.97,-2.97,-2.97,-2.97,-2.97,-2.97,-2.97,-2.97,-2.97,-2.97,-2.97,-2.97,-2.97,-2.97,-2.94,-2.94,-2.94,-2.94,-2.94,-2.94,-2.94,-2.94,-2.94,-2.94,-2.94,-2.94,-2.92,-2.92,-2.92,-2.92,-2.92,-2.92,-2.9,-2.9,-2.9,-2.9,-2.9,-2.9,-2.9,-2.9,-2.9,-2.9,-2.9,-2.9,-2.9,-2.9,-2.9,-2.9,-2.9,-2.9,-2.9,-2.9,-2.9,-2.9,-2.9,-2.9,-2.9,-2.9,-2.9,-2.9,-2.9,-2.92,-2.92,-2.92,-2.92,-2.92,-2.92,-2.92,-2.92,-2.92,-2.92,-2.92,-2.92,-2.92,-2.92,-2.92,-2.94,-2.94,-2.94,-2.97,-2.97,-2.99,-2.99,-2.99,-2.99,-2.99,-2.99,-2.99,-2.99,-2.99,-2.99,-2.99,-2.99,-2.99,-3.01,-3.01,-3.01,-3.01,-3.01,-3.01,-3.01,-3.01,-3.01,-3.01,-3.01,-3.04,-3.04,-3.04,-3.04,-3.04,-3.04,-3.04,-3.04,-3.04,-3.04,-3.04,-3.04,-3.04,-3.04,-3.04,-3.04,-3.04,-3.04,-3.04,-3.04,-3.04,-3.04,-3.04,-3.06,-3.06,-3.06,-3.06,-3.06,-3.06,-3.08,-3.08,-3.08,-3.08,-3.08,-3.08,-3.08,-3.08,-3.08,-3.08,-3.08,-3.08,-3.08,-3.08,-3.08,-3.08,-3.08,-3.08,-3.08,-3.08,-3.08,-3.08,-3.08,-3.11,-3.11,-3.11,-3.13,-3.16,-3.16,-3.16,-3.16,-3.18,-3.18,-3.18,-3.2,-3.2,-3.2,-3.23,-3.23,-3.25,-3.25,-3.27,-3.27,-3.27,-3.3,-3.3,-3.32,-3.34,-3.37,-3.37,-3.37,-3.37,-3.42,-3.42,-3.42,-3.44,-3.44,-3.44,-3.44,-3.46,-3.49,-3.49,-3.51,-3.53,-3.56,-3.56,-3.56,-3.56,-3.58,-3.58,-3.58,-3.58,-3.58,-3.58,-3.58,-3.65,-3.65,-3.65,-3.65,-3.65,-3.65,-3.65,-3.68,-3.68,-3.68,-3.7,-3.7,-3.7,-3.7,-3.72,-3.72,-3.72,-3.72,-3.72,-3.75,-3.75,-3.75,-3.77,-3.77,-3.77,-3.77,-3.77,-3.77,-3.77,-3.79,-3.79,-3.79,-3.86,-3.9,-3.93,-3.97,-4.04,-4.07,-4.11,-4.14,-4.18,-4.25,-4.32,-4.32,-4.39,-4.46,-4.46,-4.46,-4.46,-4.46,-4.5,-4.5,-4.53,-4.53,-4.53,-4.57,-4.6,-4.6,-4.64,-4.68,-4.68,-4.71,-4.71,-4.71,-4.71,-4.64,-4.57,-4.43,-4.32,-4.25,-4.14,-4.04,-4.0,-3.86,-3.68,-3.68,-3.54,-3.4,-2.9,-1.24,0.14,1.95,3.29,4.07,4.64,5.07,5.31,5.31,4.99,4.6,4.07,4.11,4.14,3.86,2.98,1.49,-0.28,-1.56,-2.09
-3.1,-3.05,2.55,2.65,2.75,2.85,2.95,3.3,3.3,3.4,3.4,3.5,3.5,3.6,3.6,3.8,3.8,3.9,3.9,4.0,4.0,4.1,4.1,4.0,4.0,3.9,3.9,3.8,3.8,3.7,3.7,3.6,3.6,3.5,3.5,3.4,3.4,3.3,3.3,2.95,2.85,2.35,2.25,2.2,2.2,2.0,2.0,1.9,1.9,1.6,1.6,1.25,1.15,1.05,0.75,0.65,-0.65,-0.75,-3.65,-3.75,-3.85,-4.2,-4.2,-4.3,-4.3,-4.4,-4.4,-4.5,-4.5,-4.6,-4.6,-4.7,-4.7,-4.9,-4.9,-5.0,-5.0,-4.9,-4.9,-4.7,-4.7,-4.6,-4.6,-4.7,-4.7,-4.6,-4.6,-4.4,-4.4,-4.3,-4.3,-4.2,-4.2,-4.1,-4.1,-4.0,-4.0,-3.9,-3.9,-3.8,-3.8,-3.7,-3.7,-3.25,-3.15,-3.1
-2.2,-2.15,-1.65,-1.55,-1.45,-1.35,-1.25,-1.05,-0.65,-0.55,0.35,0.45,0.55,0.9,1.0,1.05,1.65,2.0,2.0,2.05,2.35,2.45,2.55,2.75,3.15,3.25,3.65,4.2,4.2,4.3,4.3,4.5,4.5,4.6,4.6,4.7,4.7,4.8,4.8,4.9,4.9,5.0,5.0,5.1,5.1,4.95,4.95,5.0,5.0,4.9,4.9,4.7,4.7,4.5,4.5,4.3,4.3,4.0,4.0,3.65,3.55,3.45,3.35,3.25,3.15,3.05,2.95,2.85,2.75,2.65,2.25,2.15,1.95,1.85,1.75,1.65,1.35,1.25,0.55,0.45,0.25,0.05,-0.95,-1.05,-1.15,-1.5,-1.5,-1.7,-1.7,-1.8,-1.8,-1.9,-1.9,-2.05,-2.35,-2.45,-2.55,-2.9,-2.9,-3.0,-3.0,-3.1,-3.1,-3.2,-3.2,-3.25,-3.75,-4.1,-4.1,-4.2,-4.2,-4.3,-4.3,-4.4,-4.4,-4.5,-4.5,-4.6,-4.6,-4.7,-4.7,-4.8,-4.8,-4.9,-4.9,-5.0,-5.0,-5.1,-5.1,-5.2,-5.2,-5.3,-5.3,-5.4,-5.4,-4.95,-4.85,-4.5,-4.5,-4.15,-4.05,-3.95,-3.85,-3.75,-3.35,-3.15,-3.05,-2.95,-2.25,-2.2
-2.92,-2.06,-1.08,0.1,1.33,1.91,2.51,2.61,2.19,1.18,-0.13,-1.61,-2.77,-3.49,-3.49,-3.17,-2.97,-2.92
-1.8,-1.75,-0.65,-0.55,-0.15,0.05,0.25,0.65,0.85,1.05,1.15,2.1,2.1,2.15,2.65,2.85,2.95,3.25,3.35,3.65,3.75,4.0,4.0,4.3,4.3,4.6,4.6,4.8,4.8,4.7,4.7,4.6,4.6,4.4,4.4,4.3,4.3,4.2,4.2,3.9,3.9,3.4,3.4,3.05,2.95,2.85,2.65,2.35,2.25,2.15,2.05,1.95,1.05,0.95,0.55,0.45,-0.05,-0.35,-0.45,-1.15,-1.45,-1.65,-1.85,-2.05,-2.15,-3.1,-3.1,-3.2,-3.2,-3.5,-3.5,-3.6,-3.6,-3.7,-3.7,-3.8,-3.8,-3.9,-3.9,-3.8,-3.8,-3.7,-3.7,-3.6,-3.6,-3.5,-3.5,-3.3,-3.3,-3.2,-3.2,-3.0,-3.0,-2.55,-2.45,-2.15,-2.05,-1.95,-1.85,-1.8
-2.87,-3.29,-2.94,-2.36,-1.48,-0.73,0.43,1.26,2.19,2.87,2.79,2.77,3.47,4.2,4.63,4.47,3.95,3.19,2.14,1.53,0.4,-0.33,-0.8,-0.73,-1.48,-2.36,-2.84,-2.87
-4.05,-1.74,2.78,4.87,5.02,5.59,5.44,3.22,-1.0,-1.17,-3.7,-3.88,-4.1,-4.05
-0.6,-0.55,3.35,3.45,3.65,3.75,3.85,4.15,4.35,4.45,4.55,5.0,5.0,5.1,5.1,5.2,5.2,5.1,5.1,5.0,5.0,5.1,5.1,5.0,5.0,4.9,4.9,4.7,4.7,4.6,4.6,4.5,4.5,4.4,4.4,3.95,3.85,3.75,3.45,3.05,2.95,2.85,-1.55,-1.65,-1.85,-1.95,-2.05,-2.35,-2.65,-2.75,-2.85,-3.25,-3.35,-3.45,-3.55,-3.9,-3.9,-4.0,-4.0,-4.25,-4.45,-4.55,-4.65,-5.0,-5.0,-5.1,-5.1,-5.2,-5.2,-5.3,-5.3,-5.2,-5.2,-5.1,-5.1,-5.0,-5.0,-4.65,-4.55,-4.45,-4.25,-3.85,-3.75,-3.65,-3.35,-3.1,-3.1,-3.0,-3.0,-2.65,-2.55,-2.45,-2.35,-1.95,-1.85,-1.75,-1.45,-1.15,-1.05,-0.95,-0.65,-0.6
-1.15,-1.17,-1.18,-1.18,-1.2,-1.2,-1.23,-1.24,-1.26,-1.29,-1.29,-1.29,-1.3,-1.32,-1.35,-1.38,-1.39,-1.44,-1.45,-1.48,-1.5,-1.51,-1.53,-1.54,-1.59,-1.6,-1.62,-1.63,-1.63,-1.65,-1.66,-1.66,-1.7,-1.71,-1.71,-1.73,-1.74,-1.74,-1.76,-1.77,-1.8,-1.82,-1.85,-1.86,-1.88,-1.89,-1.91,-1.92,-1.95,-1.98,-2.01,-2.03,-2.04,-2.07,-2.09,-2.1,-2.13,-2.15,-2.18,-2.19,-2.23,-2.24,-2.24,-2.26,-2.26,-2.27,-2.27,-2.29,-2.29,-2.29,-2.33,-2.36,-2.38,-2.38,-2.41,-2.44,-2.47,-2.48,-2.51,-2.51,-2.54,-2.57,-2.62,-2.63,-2.65,-2.65,-2.66,-2.69,-2.69,-2.71,-2.71,-2.72,-2.72,-2.72,-2.72,-2.72,-2.72,-2.74,-2.75,-2.75,-2.75,-2.75,-2.75,-2.75,-2.75,-2.77,-2.77,-2.77,-2.77,-2.79,-2.79,-2.79,-2.79,-2.8,-2.8,-2.8,-2.82,-2.82,-2.82,-2.82,-2.82,-2.82,-2.82,-2.79,-2.79,-2.77,-2.77,-2.77,-2.74,-2.74,-2.72,-2.71,-2.68,-2.66,-2.65,-2.62,-2.62,-2.62,-2.6,-2.59,-2.57,-2.54,-2.53,-2.48,-2.45,-2.45,-2.45,-2.44,-2.44,-2.44,-2.44,-2.44,-2.44,-2.44,-2.42,-2.42,-2.42,-2.41,-2.41,-2.39,-2.39,-2.36,-2.35,-2.32,-2.3,-2.27,-2.26,-2.26,-2.26,-2.24,-2.23,-2.23,-2.18,-2.15,-2.15,-2.13,-2.1,-2.09,-2.07,-2.07,-2.04,-1.98,-1.94,-1.92,-1.88,-1.86,-1.83,-1.8,-1.76,-1.74,-1.73,-1.7,-1.65,-1.63,-1.62,-1.59,-1.57,-1.54,-1.51,-1.48,-1.44,-1.39,-1.38,-1.36,-1.29,-1.27,-1.24,-1.23,-1.17,-1.12,-1.1,-1.09,-1.01,-1.0,-0.98,-0.97,-0.89,-0.85,-0.85,-0.82,-0.77,-0.76,-0.71,-0.68,-0.67,-0.64,-0.62,-0.59,-0.53,-0.45,-0.42,-0.39,-0.36,-0.3,-0.29,-0.27,-0.23,-0.2,-0.14,-0.09,-0.08,-0.06,-0.03,-0.02,-0.0,0.02,0.03,0.05,0.06,0.09,0.09,0.11,0.14,0.17,0.18,0.2,0.21,0.23,0.24,0.24,0.26,0.27,0.3,0.33,0.35,0.36,0.38,0.41,0.44,0.47,0.47,0.5,0.51,0.54,0.56,0.59,0.61,0.62,0.68,0.73,0.76,0.8,0.82,0.85,0.89,0.91,0.95,1.03,1.06,1.07,1.12,1.15,1.17,1.18,1.2,1.23,1.24,1.29,1.3,1.35,1.36,1.38,1.39,1.42,1.47,1.48,1.53,1.56,1.56,1.6,1.63,1.68,1.71,1.74,1.79,1.83,1.85,1.89,1.92,1.95,1.98,2.0,2.04,2.1,2.13,2.15,2.21,2.23,2.24,2.27,2.27,2.29,2.3,2.32,2.33,2.33,2.35,2.36,2.38,2.41,2.42,2.44,2.47,2.48,2.48,2.5,2.51,2.51,2.51,2.53,2.53,2.54,2.54,2.54,2.56,2.56,2.57,2.59,2.59,2.59,2.59,2.59,2.62,2.62,2.62,2.62,2.62,2.62,2.62,2.62,2.62,2.63,2.65,2.65,2.65,2.65,2.65,2.66,2.66,2.66,2.66,2.66,2.66,2.66,2.66,2.66,2.66,2.66,2.66,2.66,2.66,2.66,2.66,2.66,2.66,2.66,2.66,2.66,2.65,2.65,2.65,2.65,2.63,2.63,2.62,2.62,2.62,2.6,2.6,2.59,2.59,2.59,2.56,2.54,2.51,2.5,2.47,2.44,2.41,2.41,2.39,2.39,2.36,2.35,2.35,2.33,2.33,2.3,2.3,2.29,2.27,2.24,2.24,2.24,2.24,2.24,2.24,2.23,2.19,2.16,2.15,2.15,2.15,2.15,2.15,2.15,2.15,2.15,2.15,2.15,2.15,2.15,2.15,2.15,2.13,2.12,2.12,2.12,2.12,2.09,2.09,2.07,2.06,2.06,2.03,2.01,1.98,1.94,1.92,1.88,1.86,1.85,1.83,1.82,1.82,1.79,1.77,1.76,1.74,1.71,1.65,1.63,1.63,1.62,1.6,1.57,1.57,1.56,1.54,1.53,1.53,1.51,1.5,1.48,1.47,1.45,1.44,1.44,1.42,1.41,1.38,1.38,1.32,1.3,1.29,1.27,1.24,1.21,1.18,1.17,1.15,1.12,1.09,1.09,1.07,1.06,1.06,1.03,1.03,1.0,0.98,0.97,0.94,0.94,0.94,0.92,0.92,0.92,0.92,0.91,0.91,0.91,0.88,0.86,0.85,0.83,0.82,0.79,0.76,0.73,0.7,0.67,0.65,0.64,0.61,0.58,0.56,0.54,0.5,0.48,0.45,0.44,0.42,0.39,0.38,0.36,0.35,0.33,0.32,0.29,0.26,0.24,0.21,0.2,0.17,0.12,0.08,0.06,0.05,0.03,-0.0,-0.03,-0.05,-0.08,-0.09,-0.11,-0.14,-0.15,-0.15,-0.18,-0.23,-0.24,-0.29,-0.29,-0.3,-0.35,-0.36,-0.36,-0.38,-0.41,-0.41,-0.42,-0.44,-0.45,-0.48,-0.48,-0.53,-0.56,-0.58,-0.59,-0.61,-0.62,-0.62,-0.64,-0.67,-0.68,-0.76,-0.79,-0.79,-0.82,-0.83,-0.85,-0.86,-0.86,-0.88,-0.88,-0.89,-0.91,-0.92,-0.94,-0.94,-0.94,-0.97,-0.98,-1.0,-1.01,-1.03,-1.07,-1.09,-1.1,-1.14,-1.14,-1.15,-1.15
-2.0,-1.95,2.85,2.95,3.05,3.4,3.4,3.5,3.5,3.6,3.6,3.7,3.7,3.8,3.8,3.9,3.9,4.0,4.0,4.2,4.2,4.3,4.3,4.5,4.5,4.6,4.6,4.7,4.7,4.8,4.8,4.9,4.9,5.0,5.0,4.9,4.9,4.7,4.7,4.6,4.6,4.5,4.5,4.4,4.4,4.15,4.05,3.9,3.9,3.5,3.5,3.4,3.4,3.15,3.05,2.95,-2.25,-2.35,-2.45,-2.7,-2.7,-2.75,-3.75,-3.85,-3.95,-4.2,-4.2,-4.3,-4.3,-4.5,-4.5,-4.9,-4.9,-5.0,-5.0,-5.1,-5.1,-5.0,-5.0,-4.9,-4.9,-4.8,-4.8,-4.7,-4.7,-4.3,-4.3,-4.2,-4.2,-4.1,-4.1,-3.85,-3.75,-3.65,-3.55,-3.5,-3.5,-3.25,-3.15,-3.05,-2.95,-2.9,-2.9,-2.6,-2.6,-2.5,-2.5,-2.15,-2.05,-2.0
-1.2,-1.15,0.95,1.05,1.55,1.65,1.75,1.85,1.95,2.15,2.25,2.35,2.55,2.65,2.75,2.85,2.95,3.1,3.1,3.2,3.2,3.4,3.4,3.5,3.5,3.6,3.6,3.5,3.5,3.6,3.6,3.5,3.5,3.4,3.4,3.3,3.3,2.9,2.9,2.65,2.55,2.45,2.25,2.15,1.75,1.65,1.55,1.45,1.35,1.25,-0.85,-0.95,-1.35,-1.45,-1.55,-1.75,-1.85,-1.95,-2.15,-2.25,-2.35,-2.7,-2.7,-2.8,-2.8,-3.0,-3.0,-3.1,-3.1,-3.25,-3.35,-3.6,-3.6,-3.7,-3.7,-3.9,-3.9,-4.0,-4.0,-4.1,-4.1,-4.0,-4.0,-3.9,-3.9,-3.8,-3.8,-3.7,-3.7,-3.6,-3.6,-3.5,-3.5,-3.3,-3.3,-3.2,-3.2,-3.05,-2.95,-2.85,-2.75,-2.6,-2.6,-2.35,-2.25,-2.15,-1.55,-1.5,-1.5,-1.35,-1.25,-1.2
1.55,0.32,-1.0,-1.1,-1.1,-1.23,-1.23,-1.32,-1.37,-1.37,-1.41,-1.51,-1.51,-1.6,-1.69,-1.73,-1.83,-1.87,-1.96,-2.01,-2.05,-2.14,-2.14,-2.19,-2.24,-2.28,-2.33,-2.37,-2.42,-2.46,-2.46,-2.51,-2.6,-2.65,-2.69,-2.69,-2.74,-2.78,-2.83,-2.83,-2.83,-2.92,-3.01,-3.06,-3.19,-3.19,-3.24,-3.29,-3.33,-3.38,-3.38,-3.42,-3.47,-3.47,-3.51,-3.51,-3.56,-3.61,-3.65,-3.65,-3.65,-3.7,-3.7,-3.7,-3.7,-3.7,-3.74,-3.79,-3.79,-3.79,-3.79,-3.83,-3.83,-3.83,-3.83,-3.83,-3.83,-3.83,-3.83,-3.83,-3.83,-3.83,-3.83,-3.83,-3.83,-3.83,-3.88,-3.88,-3.88,-3.88,-3.88,-3.88,-3.88,-3.88,-3.88,-3.88,-3.88,-3.83,-3.83,-3.83,-3.83,-3.83,-3.83,-3.83,-3.83,-3.83,-3.83,-3.83,-3.83,-3.83,-3.83,-3.83,-3.79,-3.01,-2.01,-0.59,-0.55,-0.41,-0.32,-0.27,-0.14,-0.0,0.05,0.09,0.18,0.23,0.27,0.37,0.37,0.41,0.5,0.55,0.64,0.68,0.73,3.33,3.33,3.42,3.47,3.47,3.51,3.51,3.56,3.56,3.61,3.61,3.88,4.02,3.33,1.51,1.55
-6.58,-6.03,-5.37,-4.48,-3.5,-2.18,-0.97,0.27,1.71,2.45,3.31,4.05,4.48,4.92,4.92,4.95,4.95,4.95,4.95,4.97,4.97,5.0,5.0,5.03,5.03,5.05,5.05,5.05,5.08,5.08,5.1,5.1,5.13,5.13,5.16,5.16,5.18,5.23,5.8,5.83,5.86,5.88,5.91,5.93,5.96,5.99,6.04,6.04,6.06,6.09,6.12,6.14,6.17,6.17,6.19,6.22,6.25,6.27,6.3,6.3,6.32,6.32,6.35,6.35,6.38,6.4,6.61,6.64,6.66,6.69,6.71,6.74,6.77,6.79,6.84,6.87,6.87,6.9,6.92,6.97,6.97,6.97,6.97,7.0,7.0,7.0,7.0,7.0,7.0,7.0,7.0,7.0,7.0,7.03,7.03,7.03,7.03,7.03,7.03,7.03,7.0,7.0,7.0,7.0,7.0,7.0,7.0,7.0,7.0,7.0,7.0,7.0,7.0,7.0,7.0,7.03,7.03,7.03,7.03,7.03,7.03,7.03,7.03,7.03,7.03,7.03,7.03,7.03,7.03,7.03,7.03,7.03,7.03,7.03,7.03,7.03,7.03,7.03,7.03,7.03,7.03,7.03,7.03,7.03,7.03,7.03,7.03,7.03,7.03,7.03,7.03,7.03,7.03,7.03,7.03,7.03,7.03,7.03,7.03,7.03,7.03,7.03,7.03,7.03,7.03,7.03,7.03,7.03,7.03,7.03,7.03,7.03,7.03,7.03,7.03,7.03,7.03,7.0,7.0,7.0,7.0,7.0,6.97,6.97,6.97,6.95,6.95,6.92,6.92,6.92,6.9,6.9,6.87,6.87,6.84,6.84,6.82,6.82,6.79,6.77,6.74,6.74,6.71,6.69,6.66,6.64,6.61,6.58,6.56,6.53,6.51,6.48,6.45,6.43,6.4,6.38,6.35,6.19,6.17,6.14,6.12,6.09,6.06,6.04,6.01,5.99,5.96,5.93,5.91,5.88,5.86,5.83,5.83,5.8,5.78,5.75,5.73,5.7,5.68,5.65,5.62,5.6,5.55,5.45,5.06,4.67,4.32,3.74,2.49,1.21,-0.19,-1.79,-3.7,-5.02,-5.61,-6.15,-6.54,-6.7,-6.66,-6.62,-6.58
1.0,1.05,1.75,1.95,2.45,2.7,2.7,2.75,2.85,3.2,3.2,3.3,3.3,3.4,3.4,3.5,3.5,3.6,3.6,3.7,3.7,3.45,3.35,3.2,3.2,2.85,2.75,2.7,2.7,2.45,2.35,2.25,2.15,1.95,1.85,1.75,1.65,1.45,1.35,1.25,1.15,1.05,0.95,0.75,0.65,0.55,0.45,0.35,0.25,0.15,-0.35,-0.5,-0.6,-0.65,-1.35,-1.45,-2.15,-2.45,-2.55,-2.8,-2.8,-3.2,-3.2,-3.4,-3.4,-3.5,-3.5,-3.6,-3.6,-3.7,-3.7,-3.8,-3.8,-3.9,-3.9,-3.6,-3.6,-3.25,-3.15,-3.1,-3.1,-2.65,-2.55,-2.45,-2.35,-2.15,-2.05,-1.95,-1.85,-1.75,-1.65,-1.45,-1.35,-1.25,-1.05,-0.95,-0.35,-0.3,-0.2,-0.15,-0.05,0.05,0.85,0.9,1.0
-1.8,-1.75,-0.25,-0.15,0.85,1.1,1.1,1.15,1.35,1.75,2.35,2.45,2.55,3.2,3.2,3.4,3.4,3.5,3.5,3.7,3.7,3.8,3.8,3.6,3.6,3.25,3.15,2.95,2.85,2.8,2.8,2.7,2.7,2.35,2.25,2.15,2.05,1.95,1.85,1.8,1.8,1.55,1.45,1.35,1.25,1.15,0.95,0.85,0.65,0.55,0.35,0.25,-0.25,-0.35,-1.55,-1.65,-2.75,-3.15,-3.25,-3.6,-3.6,-3.7,-3.7,-3.8,-3.8,-3.9,-3.9,-4.2,-4.2,-4.25,-4.35,-4.6,-4.6,-4.7,-4.7,-4.9,-4.9,-5.0,-5.0,-4.9,-4.9,-4.45,-4.35,-4.3,-4.3,-4.2,-4.2,-3.95,-3.85,-3.75,-3.65,-3.45,-3.35,-3.3,-3.3,-3.05,-2.95,-2.85,-2.75,-2.65,-2.45,-2.35,-2.15,-2.05,-1.85,-1.8
-0.6,-0.55,1.35,1.45,1.95,2.2,2.2,2.25,2.95,3.3,3.3,3.35,3.75,4.0,4.0,4.3,4.3,4.4,4.4,4.3,4.3,4.2,4.2,4.0,4.0,3.75,3.05,3.0,3.0,2.75,2.45,2.4,2.4,2.15,1.35,1.3,1.3,1.05,0.95,0.85,-2.45,-2.55,-2.65,-2.9,-2.9,-2.95,-3.65,-3.9,-3.9,-4.2,-4.2,-4.3,-4.3,-4.2,-4.2,-4.1,-4.1,-3.8,-3.8,-3.5,-3.5,-3.3,-3.3,-3.1,-3.1,-2.8,-2.8,-2.45,-1.75,-1.7,-1.7,-1.45,-0.65,-0.6
0.0,0.05,0.95,1.25,1.55,1.8,1.8,1.85,2.15,2.45,2.95,3.25,3.75,4.0,4.0,4.05,4.25,4.5,4.5,4.55,4.75,5.0,5.0,5.1,5.1,5.2,5.2,5.3,5.3,5.4,5.4,5.5,5.5,5.6,5.6,5.7,5.7,5.45,5.25,5.15,5.05,5.0,5.0,4.65,4.55,4.45,4.25,4.2,4.2,3.85,3.65,3.55,3.25,3.15,2.85,2.75,2.45,2.35,2.05,1.95,1.65,1.55,1.35,1.25,0.05,-0.25,-0.75,-0.95,-1.55,-1.85,-2.65,-2.95,-3.05,-3.15,-3.85,-4.15,-4.85,-5.15,-5.75,-6.4,-6.4,-6.5,-6.5,-6.6,-6.6,-6.7,-6.7,-6.4,-6.4,-6.2,-6.2,-5.9,-5.9,-5.7,-5.7,-5.35,-5.15,-5.05,-4.75,-4.65,-4.35,-4.25,-3.95,-3.85,-3.55,-3.45,-3.15,-3.05,-2.85,-2.75,-2.45,-2.35,-2.05,-1.95,-1.65,-1.55,-1.25,-1.15,-0.85,-0.75,-0.45,-0.35,-0.05,0.0
-1.93,-1.93,-1.91,-1.91,-1.9,-1.88,-1.86,-1.85,-1.83,-1.83,-1.81,-1.81,-1.78,-1.78,-1.76,-1.75,-1.75,-1.73,-1.73,-1.71,-1.7,-1.68,-1.65,-1.63,-1.61,-1.6,-1.6,-1.58,-1.56,-1.56,-1.55,-1.48,-1.46,-1.45,-1.45,-1.41,-1.39,-1.39,-1.39,-1.39,-1.38,-1.35,-1.35,-1.33,-1.31,-1.28,-1.28,-1.26,-1.23,-1.23,-1.18,-1.15,-1.13,-1.12,-1.1,-1.09,-1.02,-1.0,-0.96,-0.89,-0.88,-0.86,-0.84,-0.81,-0.76,-0.7,-0.66,-0.65,-0.58,-0.57,-0.53,-0.49,-0.42,-0.41,-0.31,-0.29,-0.24,-0.21,-0.19,-0.18,-0.16,-0.1,-0.06,-0.02,0.05,0.06,0.11,0.16,0.23,0.28,0.34,0.36,0.39,0.42,0.47,0.5,0.52,0.57,0.58,0.62,0.62,0.63,0.65,0.68,0.7,0.73,0.75,0.79,0.84,0.86,0.88,0.89,0.91,0.92,0.92,0.96,0.97,0.99,1.0,1.02,1.04,1.04,1.07,1.09,1.1,1.1,1.11,1.11,1.13,1.15,1.15,1.18,1.21,1.23,1.23,1.25,1.26,1.26,1.28,1.3,1.33,1.35,1.35,1.35,1.36,1.38,1.38,1.4,1.41,1.43,1.45,1.45,1.46,1.46,1.48,1.5,1.51,1.51,1.51,1.51,1.53,1.53,1.53,1.53,1.53,1.53,1.53,1.53,1.53,1.53,1.53,1.53,1.53,1.53,1.53,1.53,1.53,1.53,1.53,1.53,1.53,1.53,1.5,1.48,1.45,1.45,1.43,1.41,1.41,1.4,1.4,1.38,1.38,1.36,1.36,1.35,1.35,1.33,1.31,1.3,1.28,1.26,1.25,1.25,1.22,1.22,1.2,1.18,1.15,1.13,1.09,1.07,1.04,1.02,0.94,0.88,0.88,0.81,0.79,0.78,0.73,0.7,0.68,0.66,0.6,0.49,0.49,0.42,0.42,0.37,0.37,0.34,0.31,0.26,0.16,0.11,0.1,0.06,-0.03,-0.06,-0.1,-0.15,-0.16,-0.23,-0.24,-0.29,-0.32,-0.44,-0.57,-0.63,-0.73,-0.76,-0.78,-0.79,-0.81,-0.83,-0.86,-0.92,-0.92,-0.97,-0.97,-0.99,-1.02,-1.04,-1.07,-1.09,-1.12,-1.15,-1.17,-1.22,-1.23,-1.31,-1.36,-1.43,-1.44,-1.47,-1.52,-1.52,-1.54,-1.56,-1.57,-1.6,-1.61,-1.63,-1.63,-1.65,-1.66,-1.7,-1.73,-1.75,-1.76,-1.78,-1.78,-1.81,-1.81,-1.83,-1.83,-1.85,-1.85,-1.86,-1.86,-1.86,-1.86,-1.86,-1.86,-1.88,-1.88,-1.9,-1.91,-1.91,-1.91,-1.91,-1.93,-1.93,-1.93,-1.93,-1.95,-1.95,-1.95,-1.95,-1.95,-1.95,-1.95,-1.95,-1.93,-1.93,-1.91,-1.93
-0.6,-0.55,3.35,3.45,3.65,3.75,3.85,4.15,4.35,4.45,4.55,5.0,5.0,5.1,5.1,5.2,5.2,5.1,5.1,5.0,5.0,5.1,5.1,5.0,5.0,4.9,4.9,4.7,4.7,4.6,4.6,4.5,4.5,4.4,4.4,3.95,3.85,3.75,3.45,3.05,2.95,2.85,-1.55,-1.65,-1.85,-1.95,-2.05,-2.35,-2.65,-2.75,-2.85,-3.25,-3.35,-3.45,-3.55,-3.9,-3.9,-4.0,-4.0,-4.25,-4.45,-4.55,-4.65,-5.0,-5.0,-5.1,-5.1,-5.2,-5.2,-5.3,-5.3,-5.2,-5.2,-5.1,-5.1,-5.0,-5.0,-4.65,-4.55,-4.45,-4.25,-3.85,-3.75,-3.65,-3.35,-3.1,-3.1,-3.0,-3.0,-2.65,-2.55,-2.45,-2.35,-1.95,-1.85,-1.75,-1.45,-1.15,-1.05,-0.95,-0.65,-0.6
-3.77,-4.14,-4.23,-4.03,-3.77,-3.31,-2.23,-1.5,-0.64,0.2,0.82,1.81,2.56,3.13,3.81,4.25,4.56,4.54,4.63,4.58,4.5,4.14,3.13,2.16,0.4,-1.06,-2.4,-3.04,-3.86,-3.77
-1.0,-0.98,-0.96,-0.93,-0.91,-0.89,-0.84,-0.82,-0.79,-0.75,-0.72,-0.7,-0.68,-0.65,-0.63,-0.61,-0.58,-0.56,-0.54,-0.51,-0.49,-0.47,-0.44,-0.42,-0.4,-0.37,-0.35,-0.33,-0.3,-0.28,-0.28,-0.26,-0.26,-0.23,-0.23,-0.21,-0.19,-0.14,-0.14,-0.12,-0.09,-0.05,-0.02,0.0,0.05,0.07,0.07,0.09,0.12,0.14,0.19,0.19,0.21,0.23,0.26,0.28,0.3,0.35,0.37,0.4,0.42,0.44,0.47,0.49,0.54,0.54,0.56,0.58,0.61,0.76,1.23,1.66,1.92,2.0,2.13,2.17,2.1,2.0,1.89,1.73,1.35,1.03,0.74,0.32,-0.07,-0.68,-1.05,-1.55,-1.93,-1.98,-1.98,-1.98,-2.0,-2.03,-2.03,-2.03,-2.03,-2.05,-2.07,-2.1,-2.1,-2.12,-2.12,-2.14,-2.14,-2.14,-2.17,-2.19,-2.19,-2.19,-2.21,-2.21,-2.21,-2.24,-2.24,-2.26,-2.28,-2.28,-2.28,-2.31,-2.31,-2.33,-2.33,-2.33,-2.35,-2.35,-2.35,-2.38,-2.38,-2.38,-2.4,-2.4,-2.4,-2.42,-2.45,-2.45,-2.47,-2.47,-2.47,-2.49,-2.49,-2.49,-2.52,-2.54,-2.54,-2.54,-2.54,-2.54,-2.54,-2.54,-2.59,-2.59,-2.59,-2.59,-2.59,-2.59,-2.59,-2.59,-2.59,-2.59,-2.59,-2.61,-2.61,-2.61,-2.61,-2.61,-2.61,-2.61,-2.59,-2.59,-2.59,-2.59,-2.59,-2.56,-2.56,-2.56,-2.56,-2.56,-2.56,-2.54,-2.54,-2.54,-2.54,-2.54,-2.54,-2.52,-2.52,-2.52,-2.52,-2.49,-2.49,-2.47,-2.47,-2.47,-2.45,-2.45,-2.45,-2.42,-2.4,-2.38,-2.38,-2.35,-2.35,-2.33,-2.31,-2.31,-2.31,-2.28,-2.28,-2.26,-2.24,-2.24,-2.21,-2.19,-2.19,-2.17,-2.14,-2.14,-2.12,-2.12,-2.1,-2.1,-2.07,-2.07,-2.05,-2.05,-2.03,-2.03,-2.0,-2.0,-1.98,-1.96,-1.96,-1.93,-1.93,-1.91,-1.89,-1.89,-1.86,-1.86,-1.86,-1.84,-1.82,-1.79,-1.77,-1.77,-1.75,-1.72,-1.7,-1.7,-1.68,-1.68,-1.65,-1.65,-1.63,-1.63,-1.63,-1.61,-1.58,-1.56,-1.56,-1.54,-1.54,-1.51,-1.49,-1.47,-1.47,-1.44,-1.42,-1.42,-1.4,-1.4,-1.37,-1.35,-1.33,-1.3,-1.28,-1.26,-1.23,-1.21,-1.21,-1.19,-1.16,-1.14,-1.14,-1.12,-1.09,-1.07,-1.05,-1.02,-1.0
-2.0,-1.95,2.85,2.95,3.05,3.4,3.4,3.5,3.5,3.6,3.6,3.7,3.7,3.8,3.8,3.9,3.9,4.0,4.0,4.2,4.2,4.3,4.3,4.5,4.5,4.6,4.6,4.7,4.7,4.8,4.8,4.9,4.9,5.0,5.0,4.9,4.9,4.7,4.7,4.6,4.6,4.5,4.5,4.4,4.4,4.15,4.05,3.9,3.9,3.5,3.5,3.4,3.4,3.15,3.05,2.95,-2.25,-2.35,-2.45,-2.7,-2.7,-2.75,-3.75,-3.85,-3.95,-4.2,-4.2,-4.3,-4.3,-4.5,-4.5,-4.9,-4.9,-5.0,-5.0,-5.1,-5.1,-5.0,-5.0,-4.9,-4.9,-4.8,-4.8,-4.7,-4.7,-4.3,-4.3,-4.2,-4.2,-4.1,-4.1,-3.85,-3.75,-3.65,-3.55,-3.5,-3.5,-3.25,-3.15,-3.05,-2.95,-2.9,-2.9,-2.6,-2.6,-2.5,-2.5,-2.15,-2.05,-2.0
-0.92,-4.16,-5.95,-6.97,-6.33,-5.09,-2.88,0.13,2.72,4.79,5.98,6.39,7.03,7.1,6.21,3.97,1.22,-0.35,-0.92,-0.92
-1.0,-0.95,-0.05,0.15,0.35,0.45,0.75,0.85,1.55,1.65,1.75,1.85,1.95,2.15,2.55,2.65,2.75,2.95,3.05,3.15,3.45,3.55,3.65,3.8,3.8,3.85,4.15,4.3,4.3,4.6,4.6,4.8,4.8,5.0,5.0,5.1,5.1,5.2,5.2,5.3,5.3,5.1,5.1,5.4,5.4,5.45,5.55,5.65,5.65,5.5,5.5,5.3,5.3,5.4,5.4,5.2,5.2,5.1,5.1,4.8,4.8,4.6,4.6,4.55,4.45,4.1,4.1,3.95,3.85,3.8,3.8,3.7,3.7,3.6,3.6,3.55,3.45,3.3,3.3,3.0,3.0,2.85,2.75,2.5,2.5,2.45,2.35,2.25,2.15,2.1,2.1,1.85,1.55,1.45,1.35,1.25,0.75,0.55,0.25,0.15,-0.35,-0.45,-0.65,-0.75,-1.35,-1.45,-1.55,-1.65,-1.75,-1.85,-2.45,-2.55,-2.65,-2.85,-2.95,-3.15,-3.25,-3.65,-3.75,-4.6,-4.6,-4.8,-4.8,-5.0,-5.0,-5.2,-5.2,-5.1,-5.1,-5.2,-5.2,-5.3,-5.3,-5.4,-5.4,-5.45,-5.45,-5.3,-5.3,-5.4,-5.4,-5.3,-5.3,-5.2,-5.2,-5.0,-5.0,-4.85,-4.75,-4.7,-4.7,-4.8,-4.8,-4.5,-4.5,-4.4,-4.4,-4.1,-4.1,-4.0,-4.0,-3.9,-3.9,-3.6,-3.6,-3.45,-3.35,-3.15,-3.05,-3.0,-3.0,-2.85,-2.75,-2.65,-2.55,-2.35,-2.25,-2.15,-2.05,-1.95,-1.85,-1.65,-1.55,-1.45,-1.35,-1.25,-1.05,-1.0
-1.8,-1.75,-0.25,-0.15,0.85,1.1,1.1,1.15,1.35,1.75,2.35,2.45,2.55,3.2,3.2,3.4,3.4,3.5,3.5,3.7,3.7,3.8,3.8,3.6,3.6,3.25,3.15,2.95,2.85,2.8,2.8,2.7,2.7,2.35,2.25,2.15,2.05,1.95,1.85,1.8,1.8,1.55,1.45,1.35,1.25,1.15,0.95,0.85,0.65,0.55,0.35,0.25,-0.25,-0.35,-1.55,-1.65,-2.75,-3.15,-3.25,-3.6,-3.6,-3.7,-3.7,-3.8,-3.8,-3.9,-3.9,-4.2,-4.2,-4.25,-4.35,-4.6,-4.6,-4.7,-4.7,-4.9,-4.9,-5.0,-5.0,-4.9,-4.9,-4.45,-4.35,-4.3,-4.3,-4.2,-4.2,-3.95,-3.85,-3.75,-3.65,-3.45,-3.35,-3.3,-3.3,-3.05,-2.95,-2.85,-2.75,-2.65,-2.45,-2.35,-2.15,-2.05,-1.85,-1.8
-0.9,-0.85,0.25,0.35,0.85,0.95,1.35,1.45,1.55,1.75,1.85,2.4,2.4,2.5,2.5,2.6,2.6,2.75,2.85,3.4,3.4,3.5,3.5,3.7,3.7,3.9,3.9,4.0,4.0,4.1,4.1,4.2,4.2,4.3,4.3,4.4,4.4,4.5,4.5,4.6,4.6,4.5,4.5,4.4,4.4,4.3,4.3,4.2,4.2,4.1,4.1,4.0,4.0,3.9,3.9,3.65,3.55,3.45,3.35,3.15,3.05,2.95,2.45,2.35,-0.15,-0.25,-0.65,-0.95,-1.05,-1.75,-1.85,-1.95,-2.35,-2.65,-2.85,-3.1,-3.1,-3.3,-3.3,-3.4,-3.4,-3.5,-3.5,-3.6,-3.6,-3.7,-3.7,-3.8,-3.8,-3.7,-3.7,-3.6,-3.6,-3.5,-3.5,-3.4,-3.4,-2.35,-2.25,-1.95,-1.55,-1.45,-1.35,-1.25,-0.95,-0.9
0.0,0.05,0.95,1.25,1.55,1.8,1.8,1.85,2.15,2.45,2.95,3.25,3.75,4.0,4.0,4.05,4.25,4.5,4.5,4.55,4.75,5.0,5.0,5.1,5.1,5.2,5.2,5.3,5.3,5.4,5.4,5.5,5.5,5.6,5.6,5.7,5.7,5.45,5.25,5.15,5.05,5.0,5.0,4.65,4.55,4.45,4.25,4.2,4.2,3.85,3.65,3.55,3.25,3.15,2.85,2.75,2.45,2.35,2.05,1.95,1.65,1.55,1.35,1.25,0.05,-0.25,-0.75,-0.95,-1.55,-1.85,-2.65,-2.95,-3.05,-3.15,-3.85,-4.15,-4.85,-5.15,-5.75,-6.4,-6.4,-6.5,-6.5,-6.6,-6.6,-6.7,-6.7,-6.4,-6.4,-6.2,-6.2,-5.9,-5.9,-5.7,-5.7,-5.35,-5.15,-5.05,-4.75,-4.65,-4.35,-4.25,-3.95,-3.85,-3.55,-3.45,-3.15,-3.05,-2.85,-2.75,-2.45,-2.35,-2.05,-1.95,-1.65,-1.55,-1.25,-1.15,-0.85,-0.75,-0.45,-0.35,-0.05,0.0
-1.93,-1.93,-1.91,-1.91,-1.9,-1.88,-1.86,-1.85,-1.83,-1.83,-1.81,-1.81,-1.78,-1.78,-1.76,-1.75,-1.75,-1.73,-1.73,-1.71,-1.7,-1.68,-1.65,-1.63,-1.61,-1.6,-1.6,-1.58,-1.56,-1.56,-1.55,-1.48,-1.46,-1.45,-1.45,-1.41,-1.39,-1.39,-1.39,-1.39,-1.38,-1.35,-1.35,-1.33,-1.31,-1.28,-1.28,-1.26,-1.23,-1.23,-1.18,-1.15,-1.13,-1.12,-1.1,-1.09,-1.02,-1.0,-0.96,-0.89,-0.88,-0.86,-0.84,-0.81,-0.76,-0.7,-0.66,-0.65,-0.58,-0.57,-0.53,-0.49,-0.42,-0.41,-0.31,-0.29,-0.24,-0.21,-0.19,-0.18,-0.16,-0.1,-0.06,-0.02,0.05,0.06,0.11,0.16,0.23,0.28,0.34,0.36,0.39,0.42,0.47,0.5,0.52,0.57,0.58,0.62,0.62,0.63,0.65,0.68,0.7,0.73,0.75,0.79,0.84,0.86,0.88,0.89,0.91,0.92,0.92,0.96,0.97,0.99,1.0,1.02,1.04,1.04,1.07,1.09,1.1,1.1,1.11,1.11,1.13,1.15,1.15,1.18,1.21,1.23,1.23,1.25,1.26,1.26,1.28,1.3,1.33,1.35,1.35,1.35,1.36,1.38,1.38,1.4,1.41,1.43,1.45,1.45,1.46,1.46,1.48,1.5,1.51,1.51,1.51,1.51,1.53,1.53,1.53,1.53,1.53,1.53,1.53,1.53,1.53,1.53,1.53,1.53,1.53,1.53,1.53,1.53,1.53,1.53,1.53,1.53,1.53,1.53,1.5,1.48,1.45,1.45,1.43,1.41,1.41,1.4,1.4,1.38,1.38,1.36,1.36,1.35,1.35,1.33,1.31,1.3,1.28,1.26,1.25,1.25,1.22,1.22,1.2,1.18,1.15,1.13,1.09,1.07,1.04,1.02,0.94,0.88,0.88,0.81,0.79,0.78,0.73,0.7,0.68,0.66,0.6,0.49,0.49,0.42,0.42,0.37,0.37,0.34,0.31,0.26,0.16,0.11,0.1,0.06,-0.03,-0.06,-0.1,-0.15,-0.16,-0.23,-0.24,-0.29,-0.32,-0.44,-0.57,-0.63,-0.73,-0.76,-0.78,-0.79,-0.81,-0.83,-0.86,-0.92,-0.92,-0.97,-0.97,-0.99,-1.02,-1.04,-1.07,-1.09,-1.12,-1.15,-1.17,-1.22,-1.23,-1.31,-1.36,-1.43,-1.44,-1.47,-1.52,-1.52,-1.54,-1.56,-1.57,-1.6,-1.61,-1.63,-1.63,-1.65,-1.66,-1.7,-1.73,-1.75,-1.76,-1.78,-1.78,-1.81,-1.81,-1.83,-1.83,-1.85,-1.85,-1.86,-1.86,-1.86,-1.86,-1.86,-1.86,-1.88,-1.88,-1.9,-1.91,-1.91,-1.91,-1.91,-1.93,-1.93,-1.93,-1.93,-1.95,-1.95,-1.95,-1.95,-1.95,-1.95,-1.95,-1.95,-1.93,-1.93,-1.91,-1.93
-2.26,-2.26,-2.43,-2.46,-2.46,-2.46,-2.46,-2.49,-2.55,-2.61,-2.64,-2.73,-2.84,-2.93,-2.99,-3.02,-3.05,-3.08,-3.08,-3.08,-3.14,-3.19,-3.22,-3.25,-3.25,-3.25,-3.25,-3.25,-3.25,-3.25,-3.25,-3.25,-3.25,-3.25,-3.22,-3.25,-3.25,-3.25,-3.28,-3.28,-3.25,-3.22,-3.19,-3.19,-3.16,-3.14,-3.11,-3.11,-3.08,-3.02,-2.99,-2.96,-2.9,-2.84,-2.78,-2.75,-2.67,-2.67,-2.61,-2.55,-2.46,-2.46,-2.34,-2.34,-2.29,-2.2,-2.11,-2.02,-1.9,-1.82,-1.67,-1.55,-1.52,-1.41,-1.38,-1.26,-1.23,-1.17,-1.08,-1.05,-1.0,-0.88,-0.85,-0.79,-0.76,-0.76,-0.73,-0.64,-0.56,-0.5,-0.47,-0.38,-0.35,-0.23,-0.09,0.03,0.15,0.18,0.23,0.32,0.38,0.44,0.53,0.64,0.7,0.73,0.73,0.85,0.97,1.08,1.2,1.32,1.38,1.49,1.52,1.61,1.64,1.7,1.73,1.82,1.88,1.9,1.93,1.96,2.11,2.23,2.23,2.32,2.43,2.55,2.61,2.7,2.73,2.81,2.9,2.96,2.96,3.02,3.05,3.11,3.14,3.16,3.16,3.16,3.08,2.87,2.58,2.11,1.88,1.88,1.88,1.88,1.85,1.82,1.79,1.79,1.76,1.73,1.7,1.7,1.64,1.61,1.58,1.52,1.49,1.44,1.41,1.38,1.29,1.2,1.11,1.05,1.0,0.88,0.82,0.62,0.59,0.47,0.35,0.23,0.09,0.06,0.06,0.03,-0.06,-0.09,-0.26,-0.29,-0.5,-0.53,-0.64,-0.76,-0.94,-1.03,-1.08,-1.14,-1.23,-1.23,-1.32,-1.38,-1.47,-1.61,-1.67,-1.7,-1.79,-1.88,-1.96,-2.05,-2.14,-2.17,-2.26
-1.1,-1.05,1.25,1.35,1.45,1.85,2.35,2.45,2.55,2.9,2.9,3.0,3.0,3.2,3.2,3.3,3.3,3.4,3.4,3.5,3.5,3.6,3.6,3.5,3.5,3.4,3.4,3.3,3.3,3.1,3.1,3.0,3.0,2.65,2.55,2.45,1.95,1.55,1.45,1.35,-1.55,-1.65,-1.75,-2.05,-2.25,-2.35,-2.65,-2.75,-2.85,-3.2,-3.2,-3.3,-3.3,-3.4,-3.4,-3.5,-3.5,-3.6,-3.6,-3.7,-3.7,-3.8,-3.8,-3.7,-3.7,-3.6,-3.6,-3.5,-3.5,-3.4,-3.4,-3.3,-3.3,-3.2,-3.2,-3.1,-3.1,-3.0,-3.0,-2.8,-2.8,-2.7,-2.7,-2.35,-2.25,-2.15,-1.65,-1.25,-1.15,-1.1
-1.96,-2.0,-2.76,-2.85,-3.13,-3.13,-3.16,-3.16,-3.16,-3.16,-3.16,-3.16,-3.18,-3.18,-3.18,-3.2,-3.2,-3.2,-3.2,-3.23,-3.23,-3.25,-3.28,-3.28,-3.28,-3.28,-3.28,-3.28,-3.3,-3.32,-3.32,-3.35,-3.37,-3.39,-3.44,-3.44,-3.46,-3.46,-3.46,-3.46,-3.46,-3.46,-3.46,-3.46,-3.46,-3.49,-3.49,-3.49,-3.51,-3.51,-3.51,-3.51,-3.51,-3.51,-3.53,-3.53,-3.56,-3.56,-3.56,-3.56,-3.56,-3.56,-3.56,-3.56,-3.56,-3.58,-3.58,-3.58,-3.58,-3.58,-3.61,-3.61,-3.61,-3.61,-3.61,-3.61,-3.61,-3.61,-3.61,-3.61,-3.61,-3.61,-3.61,-3.61,-3.61,-3.61,-3.61,-3.61,-3.58,-3.58,-3.58,-3.61,-3.61,-3.61,-3.61,-3.61,-3.61,-3.63,-3.63,-3.63,-3.63,-3.63,-3.63,-3.63,-3.7,-3.7,-3.68,-3.65,-3.63,-3.58,-3.56,-3.56,-3.53,-3.53,-3.53,-3.53,-3.51,-3.49,-3.46,-3.44,-3.42,-3.39,-3.32,-3.3,-3.28,-3.2,-3.13,-3.11,-3.04,-3.04,-3.04,-3.04,-3.02,-2.99,-2.99,-2.78,-2.78,-2.76,-2.76,-2.69,-2.66,-2.64,-2.62,-2.59,-2.54,-2.52,-2.5,-2.5,0.85,0.95,1.55,1.65,1.75,2.6,2.6,2.7,2.7,2.8,2.8,2.95,3.05,3.5,3.5,3.6,3.6,3.9,3.9,4.0,4.0,3.9,3.9,3.7,3.7,3.6,3.6,3.5,3.5,3.4,3.4,2.35,2.25,2.15,2.05,1.95,1.85,1.65,1.55,1.45,1.35,1.25,1.15,0.55,0.45,0.35,-1.96
-3.59,-2.89,-2.05,-1.13,-0.03,0.84,1.65,2.6,2.81,3.24,3.7,3.76,3.73,3.33,2.78,2.08,1.3,0.17,-0.69,-1.56,-1.88,-2.03,-2.58,-3.68,-3.59,-3.82,-3.82,-3.62,-3.59
-1.22,-0.41,0.51,1.13,2.19,2.95,3.65,4.1,4.34,4.51,4.61,4.58,4.37,4.0,3.89,3.55,3.14,2.91,2.75,2.14,0.4,-0.13,-0.13,-0.9,-3.43,-3.45,-3.87,-4.52,-4.89,-4.89,-4.89,-4.89,-4.97,-4.97,-4.97,-4.97,-4.54,-4.4,-3.02,-1.17,-1.22
-1.0,-0.98,-0.96,-0.93,-0.91,-0.89,-0.84,-0.82,-0.79,-0.75,-0.72,-0.7,-0.68,-0.65,-0.63,-0.61,-0.58,-0.56,-0.54,-0.51,-0.49,-0.47,-0.44,-0.42,-0.4,-0.37,-0.35,-0.33,-0.3,-0.28,-0.28,-0.26,-0.26,-0.23,-0.23,-0.21,-0.19,-0.14,-0.14,-0.12,-0.09,-0.05,-0.02,0.0,0.05,0.07,0.07,0.09,0.12,0.14,0.19,0.19,0.21,0.23,0.26,0.28,0.3,0.35,0.37,0.4,0.42,0.44,0.47,0.49,0.54,0.54,0.56,0.58,0.61,0.76,1.23,1.66,1.92,2.0,2.13,2.17,2.1,2.0,1.89,1.73,1.35,1.03,0.74,0.32,-0.07,-0.68,-1.05,-1.55,-1.93,-1.98,-1.98,-1.98,-2.0,-2.03,-2.03,-2.03,-2.03,-2.05,-2.07,-2.1,-2.1,-2.12,-2.12,-2.14,-2.14,-2.14,-2.17,-2.19,-2.19,-2.19,-2.21,-2.21,-2.21,-2.24,-2.24,-2.26,-2.28,-2.28,-2.28,-2.31,-2.31,-2.33,-2.33,-2.33,-2.35,-2.35,-2.35,-2.38,-2.38,-2.38,-2.4,-2.4,-2.4,-2.42,-2.45,-2.45,-2.47,-2.47,-2.47,-2.49,-2.49,-2.49,-2.52,-2.54,-2.54,-2.54,-2.54,-2.54,-2.54,-2.54,-2.59,-2.59,-2.59,-2.59,-2.59,-2.59,-2.59,-2.59,-2.59,-2.59,-2.59,-2.61,-2.61,-2.61,-2.61,-2.61,-2.61,-2.61,-2.59,-2.59,-2.59,-2.59,-2.59,-2.56,-2.56,-2.56,-2.56,-2.56,-2.56,-2.54,-2.54,-2.54,-2.54,-2.54,-2.54,-2.52,-2.52,-2.52,-2.52,-2.49,-2.49,-2.47,-2.47,-2.47,-2.45,-2.45,-2.45,-2.42,-2.4,-2.38,-2.38,-2.35,-2.35,-2.33,-2.31,-2.31,-2.31,-2.28,-2.28,-2.26,-2.24,-2.24,-2.21,-2.19,-2.19,-2.17,-2.14,-2.14,-2.12,-2.12,-2.1,-2.1,-2.07,-2.07,-2.05,-2.05,-2.03,-2.03,-2.0,-2.0,-1.98,-1.96,-1.96,-1.93,-1.93,-1.91,-1.89,-1.89,-1.86,-1.86,-1.86,-1.84,-1.82,-1.79,-1.77,-1.77,-1.75,-1.72,-1.7,-1.7,-1.68,-1.68,-1.65,-1.65,-1.63,-1.63,-1.63,-1.61,-1.58,-1.56,-1.56,-1.54,-1.54,-1.51,-1.49,-1.47,-1.47,-1.44,-1.42,-1.42,-1.4,-1.4,-1.37,-1.35,-1.33,-1.3,-1.28,-1.26,-1.23,-1.21,-1.21,-1.19,-1.16,-1.14,-1.14,-1.12,-1.09,-1.07,-1.05,-1.02,-1.0
-1.8,-1.75,-0.25,-0.15,0.85,1.1,1.1,1.15,1.35,1.75,2.35,2.45,2.55,3.2,3.2,3.4,3.4,3.5,3.5,3.7,3.7,3.8,3.8,3.6,3.6,3.25,3.15,2.95,2.85,2.8,2.8,2.7,2.7,2.35,2.25,2.15,2.05,1.95,1.85,1.8,1.8,1.55,1.45,1.35,1.25,1.15,0.95,0.85,0.65,0.55,0.35,0.25,-0.25,-0.35,-1.55,-1.65,-2.75,-3.15,-3.25,-3.6,-3.6,-3.7,-3.7,-3.8,-3.8,-3.9,-3.9,-4.2,-4.2,-4.25,-4.35,-4.6,-4.6,-4.7,-4.7,-4.9,-4.9,-5.0,-5.0,-4.9,-4.9,-4.45,-4.35,-4.3,-4.3,-4.2,-4.2,-3.95,-3.85,-3.75,-3.65,-3.45,-3.35,-3.3,-3.3,-3.05,-2.95,-2.85,-2.75,-2.65,-2.45,-2.35,-2.15,-2.05,-1.85,-1.8
-0.9,-0.85,0.25,0.35,0.85,0.95,1.35,1.45,1.55,1.75,1.85,2.4,2.4,2.5,2.5,2.6,2.6,2.75,2.85,3.4,3.4,3.5,3.5,3.7,3.7,3.9,3.9,4.0,4.0,4.1,4.1,4.2,4.2,4.3,4.3,4.4,4.4,4.5,4.5,4.6,4.6,4.5,4.5,4.4,4.4,4.3,4.3,4.2,4.2,4.1,4.1,4.0,4.0,3.9,3.9,3.65,3.55,3.45,3.35,3.15,3.05,2.95,2.45,2.35,-0.15,-0.25,-0.65,-0.95,-1.05,-1.75,-1.85,-1.95,-2.35,-2.65,-2.85,-3.1,-3.1,-3.3,-3.3,-3.4,-3.4,-3.5,-3.5,-3.6,-3.6,-3.7,-3.7,-3.8,-3.8,-3.7,-3.7,-3.6,-3.6,-3.5,-3.5,-3.4,-3.4,-2.35,-2.25,-1.95,-1.55,-1.45,-1.35,-1.25,-0.95,-0.9
-1.5,-1.45,0.25,0.35,1.05,1.15,1.35,1.45,1.55,1.7,1.7,1.8,1.8,1.7,1.7,1.8,1.8,2.0,2.0,2.1,2.1,2.4,2.4,2.5,2.5,2.6,2.6,2.7,2.7,2.8,2.8,2.9,2.9,2.8,2.8,2.7,2.7,2.6,2.6,2.5,2.5,2.3,2.3,2.2,2.2,2.1,2.1,1.95,1.85,1.75,-1.35,-1.45,-1.55,-1.65,-1.75,-2.0,-2.0,-2.25,-2.35,-2.6,-2.6,-2.7,-2.7,-2.8,-2.8,-2.9,-2.9,-3.0,-3.0,-2.9,-2.9,-3.0,-3.0,-3.1,-3.1,-3.0,-3.0,-2.75,-2.65,-2.6,-2.6,-2.5,-2.5,-2.4,-2.4,-2.3,-2.3,-2.2,-2.2,-2.05,-1.95,-1.85,-1.55,-1.5
-2.3,-2.25,0.15,0.25,0.55,0.65,0.85,1.05,1.15,1.25,1.45,1.55,1.75,2.1,2.1,2.4,2.4,2.5,2.5,2.7,2.7,3.4,3.4,3.6,3.6,3.7,3.7,3.9,3.9,4.0,4.0,3.8,3.8,3.6,3.6,3.5,3.5,3.2,3.2,2.95,2.55,2.45,2.05,1.65,1.25,1.15,-2.05,-2.15,-2.45,-2.85,-2.95,-3.05,-3.45,-3.55,-3.65,-3.9,-3.9,-4.0,-4.0,-4.3,-4.3,-4.4,-4.4,-4.6,-4.6,-4.7,-4.7,-5.0,-5.0,-4.8,-4.8,-4.5,-4.5,-4.2,-4.2,-4.0,-4.0,-3.55,-3.35,-3.25,-2.75,-2.55,-2.35,-2.3
-2.6,-2.55,2.65,2.75,2.85,3.25,3.55,3.65,3.75,4.2,4.2,4.3,4.3,4.4,4.4,4.5,4.5,4.6,4.6,4.5,4.5,4.45,4.45,4.5,4.5,4.4,4.4,4.3,4.3,4.2,4.2,3.75,3.65,3.55,3.25,2.85,2.75,2.65,-2.25,-2.35,-2.45,-2.85,-3.15,-3.25,-3.35,-3.8,-3.8,-4.2,-4.2,-4.3,-4.3,-4.4,-4.4,-4.3,-4.3,-4.2,-4.2,-4.1,-4.1,-4.0,-4.0,-3.55,-3.45,-3.35,-3.15,-2.75,-2.65,-2.6
-4.3,-4.25,-1.05,-0.8,-0.8,-0.75,-0.15,0.1,0.1,0.25,0.45,0.7,0.7,0.75,1.05,1.3,1.3,1.35,1.45,1.7,1.7,2.0,2.0,2.05,2.35,2.6,2.6,2.65,2.85,3.1,3.1,3.15,3.45,3.7,3.7,3.75,4.05,4.3,4.3,4.5,4.5,4.7,4.7,4.9,4.9,5.1,5.1,5.3,5.3,5.5,5.5,5.7,5.7,5.9,5.9,6.2,6.2,6.4,6.4,6.6,6.6,6.4,6.4,6.1,6.1,5.7,5.7,5.4,5.4,5.2,5.2,5.1,5.1,4.9,4.9,4.65,4.15,4.1,4.1,3.85,3.65,3.55,-4.55,-4.9,-4.9,-4.95,-5.35,-5.6,-5.6,-5.8,-5.8,-5.7,-5.7,-5.8,-5.8,-5.7,-5.7,-5.6,-5.6,-5.5,-5.5,-5.25,-5.05,-5.0,-5.0,-4.75,-4.75,-5.0,-5.0,-5.2,-5.2,-5.4,-5.4,-5.3,-5.3,-5.5,-5.5,-5.7,-5.7,-5.8,-5.8,-5.9,-5.9,-5.8,-5.8,-6.1,-6.1,-6.2,-6.2,-6.1,-6.1,-5.75,-5.25,-5.2,-5.2,-4.95,-4.35,-4.3
-1.1,-1.05,1.25,1.35,1.45,1.85,2.35,2.45,2.55,2.9,2.9,3.0,3.0,3.2,3.2,3.3,3.3,3.4,3.4,3.5,3.5,3.6,3.6,3.5,3.5,3.4,3.4,3.3,3.3,3.1,3.1,3.0,3.0,2.65,2.55,2.45,1.95,1.55,1.45,1.35,-1.55,-1.65,-1.75,-2.05,-2.25,-2.35,-2.65,-2.75,-2.85,-3.2,-3.2,-3.3,-3.3,-3.4,-3.4,-3.5,-3.5,-3.6,-3.6,-3.7,-3.7,-3.8,-3.8,-3.7,-3.7,-3.6,-3.6,-3.5,-3.5,-3.4,-3.4,-3.3,-3.3,-3.2,-3.2,-3.1,-3.1,-3.0,-3.0,-2.8,-2.8,-2.7,-2.7,-2.35,-2.25,-2.15,-1.65,-1.25,-1.15,-1.1
-0.1,-0.05,1.15,1.25,1.85,1.95,2.05,2.5,2.5,2.6,2.6,2.8,2.8,3.3,3.3,3.4,3.4,3.6,3.6,3.9,3.9,4.0,4.0,4.2,4.2,4.3,4.3,4.4,4.4,4.5,4.5,4.4,4.4,4.3,4.3,4.2,4.2,4.1,4.1,3.55,3.45,3.35,3.15,2.9,2.9,2.35,2.25,2.15,2.05,1.95,1.75,1.65,1.15,1.05,0.05,-0.05,-0.95,-1.05,-3.05,-3.15,-3.25,-3.8,-3.8,-4.25,-4.35,-4.8,-4.8,-4.9,-4.9,-5.0,-5.0,-5.1,-5.1,-5.2,-5.2,-5.3,-5.3,-5.2,-5.2,-5.1,-5.1,-5.0,-5.0,-4.9,-4.9,-4.8,-4.8,-4.7,-4.7,-4.6,-4.6,-4.5,-4.5,-4.4,-4.4,-4.3,-4.3,-4.2,-4.2,-4.1,-4.1,-3.6,-3.6,-3.4,-3.4,-3.3,-3.3,-2.4,-2.4,-1.95,-1.85,-1.75,-1.65,-1.55,-1.05,-0.95,-0.15,-0.1
2.84,2.84,2.84,2.76,2.72,2.68,2.65,2.61,2.57,2.53,2.5,2.46,2.38,2.31,2.23,2.12,2.04,1.89,1.85,1.66,1.51,1.4,1.36,1.32,1.17,1.06,0.91,0.83,0.68,0.57,0.45,0.42,0.38,0.3,0.19,0.11,-0.0,-0.08,-0.15,-0.19,-0.3,-0.34,-0.49,-0.61,-0.76,-0.83,-0.95,-0.98,-1.06,-1.17,-1.21,-1.32,-1.36,-1.4,-1.51,-1.55,-1.66,-1.74,-1.85,-1.97,-2.0,-2.08,-2.16,-2.19,-2.27,-2.31,-2.42,-2.53,-2.57,-2.68,-2.72,-2.76,-2.8,-3.06,-3.1,-3.14,-3.16,-3.17,-3.19,-3.22,-3.25,-3.26,-3.28,-3.29,-3.31,-3.35,-3.37,-3.37,-3.37,-3.38,-3.4,-3.4,-3.4,-3.41,-3.41,-3.4,-3.4,-3.41,-3.43,-3.44,-3.44,-3.46,-3.47,-3.5,-3.5,-3.52,-3.52,-3.52,-3.52,-3.52,-3.53,-3.53,-3.54,-3.56,-3.56,-3.56,-3.56,-3.56,-3.56,-3.56,-3.56,-3.56,-3.59,-3.59,-3.59,-3.59,-3.59,-3.59,-3.59,-3.59,-3.59,-3.6,-3.6,-3.6,-3.6,-3.6,-3.6,-3.6,-3.6,-3.6,-3.6,-3.6,-3.6,-3.6,-3.6,-3.6,-3.62,-3.62,-3.62,-3.62,-3.63,-3.65,-3.66,-3.66,-3.68,-3.68,-3.68,-3.68,-3.69,-3.69,-3.71,-3.71,-3.72,-3.72,-3.74,-3.75,-3.75,-3.77,-3.77,-3.77,-3.77,-3.75,-3.75,-3.75,-3.75,-3.75,-3.75,-3.75,-3.75,-3.75,-3.75,-3.75,-3.75,-3.75,-3.75,-3.75,-3.75,-3.75,-3.75,-3.75,-3.74,-3.74,-3.74,-3.74,-3.74,-3.72,-3.72,-3.71,-3.69,-3.68,-3.66,-3.65,-3.63,-3.63,-3.63,-3.63,-3.63,-3.62,-3.62,-3.62,-3.62,-3.6,-3.6,-3.59,-3.57,-3.57,-3.57,-3.56,-3.54,-3.53,-3.53,-3.53,-3.52,-3.5,-3.49,-3.47,-3.47,-3.46,-3.46,-3.46,-3.43,-3.41,-3.38,-3.38,-3.35,-3.32,-3.29,-3.26,-3.22,-3.22,-3.19,-3.17,-3.16,-3.11,-3.11,-3.08,-3.08,-3.07,-3.05,-3.02,-2.99,-2.99,-2.96,-2.96,-2.92,-2.9,-2.87,-2.86,-2.84,-2.83,-2.79,-2.76,-2.73,-2.71,-2.71,-2.7,-2.67,-2.65,-2.61,-2.58,-2.58,-2.56,-2.53,-2.53,-2.5,-2.5,-2.47,-2.44,-2.41,-2.41,-2.38,-2.35,-2.32,-2.31,-2.31,-2.29,-2.28,-2.26,-2.23,-2.23,-2.22,-2.19,-2.16,-2.14,-2.13,-2.1,-2.09,-2.06,-2.03,-1.98,-1.94,-1.94,-1.91,-1.88,-1.85,-1.82,-1.79,-1.77,-1.73,-1.68,-1.67,-1.64,-1.62,-1.61,-1.58,-1.56,-1.52,-1.47,-1.46,-1.44,-1.02,0.15,1.02,1.78,2.42,2.34,2.61,2.8,2.95,2.84
0.7,0.75,2.15,2.25,2.35,2.45,3.15,3.25,3.35,3.65,3.75,4.1,4.1,4.2,4.2,4.4,4.4,4.5,4.5,4.6,4.6,4.5,4.5,4.4,4.4,4.1,4.1,4.0,4.0,3.5,3.5,3.4,3.4,3.3,3.3,2.65,2.55,2.05,1.95,1.85,1.75,1.65,1.55,1.45,1.35,1.25,1.05,0.95,0.75,0.65,0.25,0.15,-1.85,-1.95,-2.05,-2.35,-2.95,-3.05,-3.15,-3.8,-3.8,-3.9,-3.9,-4.1,-4.1,-4.2,-4.2,-4.3,-4.3,-4.4,-4.4,-4.5,-4.5,-4.6,-4.6,-4.5,-4.5,-4.4,-4.4,-4.3,-4.3,-3.85,-3.75,-3.65,-3.55,-3.15,-3.05,-2.85,-2.75,-2.65,-2.55,-2.45,-2.35,-2.25,-2.15,-2.05,-1.85,-1.75,-1.55,-1.45,-1.25,-1.15,-0.85,-0.75,-0.45,-0.35,0.65,0.7
0.19,-1.25,-2.21,-3.46,-4.22,-4.31,-4.06,-3.43,-2.86,-2.45,-2.45,-2.34,-2.32,-2.21,-2.18,-2.15,-2.13,-2.13,-2.04,-2.02,-2.02,-1.99,-1.96,-1.91,-1.91,-1.85,-1.83,-1.8,-1.8,-1.77,-1.74,-1.69,-1.61,-1.58,-1.55,-1.53,-1.53,-1.5,-1.47,-1.44,-1.42,-1.39,-1.34,-1.31,-1.25,-1.23,-1.2,-1.17,-1.12,-1.12,-1.06,-1.06,-1.04,-1.01,-0.98,-0.98,-0.95,-0.93,-0.9,-0.87,-0.82,-0.82,-0.79,-0.76,-0.74,-0.65,-0.65,-0.6,-0.57,-0.52,-0.49,-0.44,-0.44,-0.38,-0.35,-0.33,-0.3,-0.22,-0.19,-0.19,-0.14,-0.11,-0.05,-0.03,0.0,0.03,0.05,0.08,0.11,0.14,0.16,0.19,0.22,0.25,0.27,0.3,0.33,0.35,0.35,0.38,0.44,0.46,0.49,0.49,0.52,0.55,0.57,0.6,0.63,0.63,0.82,0.87,0.9,1.01,1.04,1.06,1.14,1.2,1.23,1.25,1.28,1.31,1.34,1.39,1.42,1.44,1.47,1.53,1.55,1.58,1.66,1.69,1.74,1.77,1.8,1.85,1.88,1.91,1.94,1.96,2.02,2.04,2.07,2.1,2.1,2.13,2.18,2.21,2.24,2.26,2.26,2.29,2.34,2.37,2.4,2.45,2.48,2.48,2.51,2.53,2.56,2.59,3.38,3.84,4.25,4.06,3.65,3.08,2.07,1.28,0.27,0.19
-1.0,-0.98,-0.96,-0.93,-0.91,-0.89,-0.84,-0.82,-0.79,-0.75,-0.72,-0.7,-0.68,-0.65,-0.63,-0.61,-0.58,-0.56,-0.54,-0.51,-0.49,-0.47,-0.44,-0.42,-0.4,-0.37,-0.35,-0.33,-0.3,-0.28,-0.28,-0.26,-0.26,-0.23,-0.23,-0.21,-0.19,-0.14,-0.14,-0.12,-0.09,-0.05,-0.02,0.0,0.05,0.07,0.07,0.09,0.12,0.14,0.19,0.19,0.21,0.23,0.26,0.28,0.3,0.35,0.37,0.4,0.42,0.44,0.47,0.49,0.54,0.54,0.56,0.58,0.61,0.76,1.23,1.66,1.92,2.0,2.13,2.17,2.1,2.0,1.89,1.73,1.35,1.03,0.74,0.32,-0.07,-0.68,-1.05,-1.55,-1.93,-1.98,-1.98,-1.98,-2.0,-2.03,-2.03,-2.03,-2.03,-2.05,-2.07,-2.1,-2.1,-2.12,-2.12,-2.14,-2.14,-2.14,-2.17,-2.19,-2.19,-2.19,-2.21,-2.21,-2.21,-2.24,-2.24,-2.26,-2.28,-2.28,-2.28,-2.31,-2.31,-2.33,-2.33,-2.33,-2.35,-2.35,-2.35,-2.38,-2.38,-2.38,-2.4,-2.4,-2.4,-2.42,-2.45,-2.45,-2.47,-2.47,-2.47,-2.49,-2.49,-2.49,-2.52,-2.54,-2.54,-2.54,-2.54,-2.54,-2.54,-2.54,-2.59,-2.59,-2.59,-2.59,-2.59,-2.59,-2.59,-2.59,-2.59,-2.59,-2.59,-2.61,-2.61,-2.61,-2.61,-2.61,-2.61,-2.61,-2.59,-2.59,-2.59,-2.59,-2.59,-2.56,-2.56,-2.56,-2.56,-2.56,-2.56,-2.54,-2.54,-2.54,-2.54,-2.54,-2.54,-2.52,-2.52,-2.52,-2.52,-2.49,-2.49,-2.47,-2.47,-2.47,-2.45,-2.45,-2.45,-2.42,-2.4,-2.38,-2.38,-2.35,-2.35,-2.33,-2.31,-2.31,-2.31,-2.28,-2.28,-2.26,-2.24,-2.24,-2.21,-2.19,-2.19,-2.17,-2.14,-2.14,-2.12,-2.12,-2.1,-2.1,-2.07,-2.07,-2.05,-2.05,-2.03,-2.03,-2.0,-2.0,-1.98,-1.96,-1.96,-1.93,-1.93,-1.91,-1.89,-1.89,-1.86,-1.86,-1.86,-1.84,-1.82,-1.79,-1.77,-1.77,-1.75,-1.72,-1.7,-1.7,-1.68,-1.68,-1.65,-1.65,-1.63,-1.63,-1.63,-1.61,-1.58,-1.56,-1.56,-1.54,-1.54,-1.51,-1.49,-1.47,-1.47,-1.44,-1.42,-1.42,-1.4,-1.4,-1.37,-1.35,-1.33,-1.3,-1.28,-1.26,-1.23,-1.21,-1.21,-1.19,-1.16,-1.14,-1.14,-1.12,-1.09,-1.07,-1.05,-1.02,-1.0
-1.93,-1.93,-1.91,-1.91,-1.9,-1.88,-1.86,-1.85,-1.83,-1.83,-1.81,-1.81,-1.78,-1.78,-1.76,-1.75,-1.75,-1.73,-1.73,-1.71,-1.7,-1.68,-1.65,-1.63,-1.61,-1.6,-1.6,-1.58,-1.56,-1.56,-1.55,-1.48,-1.46,-1.45,-1.45,-1.41,-1.39,-1.39,-1.39,-1.39,-1.38,-1.35,-1.35,-1.33,-1.31,-1.28,-1.28,-1.26,-1.23,-1.23,-1.18,-1.15,-1.13,-1.12,-1.1,-1.09,-1.02,-1.0,-0.96,-0.89,-0.88,-0.86,-0.84,-0.81,-0.76,-0.7,-0.66,-0.65,-0.58,-0.57,-0.53,-0.49,-0.42,-0.41,-0.31,-0.29,-0.24,-0.21,-0.19,-0.18,-0.16,-0.1,-0.06,-0.02,0.05,0.06,0.11,0.16,0.23,0.28,0.34,0.36,0.39,0.42,0.47,0.5,0.52,0.57,0.58,0.62,0.62,0.63,0.65,0.68,0.7,0.73,0.75,0.79,0.84,0.86,0.88,0.89,0.91,0.92,0.92,0.96,0.97,0.99,1.0,1.02,1.04,1.04,1.07,1.09,1.1,1.1,1.11,1.11,1.13,1.15,1.15,1.18,1.21,1.23,1.23,1.25,1.26,1.26,1.28,1.3,1.33,1.35,1.35,1.35,1.36,1.38,1.38,1.4,1.41,1.43,1.45,1.45,1.46,1.46,1.48,1.5,1.51,1.51,1.51,1.51,1.53,1.53,1.53,1.53,1.53,1.53,1.53,1.53,1.53,1.53,1.53,1.53,1.53,1.53,1.53,1.53,1.53,1.53,1.53,1.53,1.53,1.53,1.5,1.48,1.45,1.45,1.43,1.41,1.41,1.4,1.4,1.38,1.38,1.36,1.36,1.35,1.35,1.33,1.31,1.3,1.28,1.26,1.25,1.25,1.22,1.22,1.2,1.18,1.15,1.13,1.09,1.07,1.04,1.02,0.94,0.88,0.88,0.81,0.79,0.78,0.73,0.7,0.68,0.66,0.6,0.49,0.49,0.42,0.42,0.37,0.37,0.34,0.31,0.26,0.16,0.11,0.1,0.06,-0.03,-0.06,-0.1,-0.15,-0.16,-0.23,-0.24,-0.29,-0.32,-0.44,-0.57,-0.63,-0.73,-0.76,-0.78,-0.79,-0.81,-0.83,-0.86,-0.92,-0.92,-0.97,-0.97,-0.99,-1.02,-1.04,-1.07,-1.09,-1.12,-1.15,-1.17,-1.22,-1.23,-1.31,-1.36,-1.43,-1.44,-1.47,-1.52,-1.52,-1.54,-1.56,-1.57,-1.6,-1.61,-1.63,-1.63,-1.65,-1.66,-1.7,-1.73,-1.75,-1.76,-1.78,-1.78,-1.81,-1.81,-1.83,-1.83,-1.85,-1.85,-1.86,-1.86,-1.86,-1.86,-1.86,-1.86,-1.88,-1.88,-1.9,-1.91,-1.91,-1.91,-1.91,-1.93,-1.93,-1.93,-1.93,-1.95,-1.95,-1.95,-1.95,-1.95,-1.95,-1.95,-1.95,-1.93,-1.93,-1.91,-1.93
-1.1,-1.05,1.05,1.15,1.25,1.55,1.95,2.05,2.15,2.45,2.55,2.65,2.75,3.15,3.45,3.55,3.65,4.6,4.6,4.7,4.7,4.6,4.6,4.3,4.3,4.2,4.2,4.0,4.0,3.9,3.9,3.0,3.0,2.9,2.9,2.5,2.5,2.4,2.4,2.6,2.6,2.7,2.7,2.6,2.6,2.5,2.5,2.8,2.8,2.9,2.9,2.85,2.85,2.9,2.9,3.0,3.0,3.1,3.1,3.2,3.2,3.3,3.3,3.9,3.9,4.0,4.0,4.1,4.1,4.9,4.9,5.0,5.0,4.9,4.9,4.5,4.5,4.4,4.4,3.85,3.75,3.65,3.55,3.5,3.5,3.4,3.4,2.95,2.85,2.75,-1.75,-1.85,-1.95,-2.4,-2.4,-2.5,-2.5,-2.4,-2.4,-2.3,-2.3,-2.4,-2.4,-2.5,-2.5,-2.6,-2.6,-2.7,-2.7,-2.8,-2.8,-2.9,-2.9,-3.0,-3.0,-3.1,-3.1,-3.2,-3.2,-3.1,-3.1,-3.0,-3.0,-2.9,-2.9,-3.0,-3.0,-3.1,-3.1,-3.0,-3.0,-2.9,-2.9,-3.1,-3.1,-3.2,-3.2,-3.1,-3.1,-3.05,-3.05,-3.1,-3.1,-3.4,-3.4,-3.5,-3.5,-3.6,-3.6,-3.65,-3.95,-4.05,-4.15,-4.6,-4.6,-4.7,-4.7,-5.2,-5.2,-5.3,-5.3,-5.2,-5.2,-5.0,-5.0,-4.9,-4.9,-4.45,-4.35,-4.25,-3.75,-3.35,-3.25,-2.75,-2.65,-2.55,-1.55,-1.25,-1.15,-1.1
-0.6,-0.55,0.65,0.75,1.25,1.35,1.65,1.75,1.95,2.05,2.15,2.55,2.95,3.05,3.25,3.35,3.55,3.8,3.8,3.85,4.05,4.15,4.25,4.35,4.45,4.8,4.8,5.0,5.0,5.1,5.1,5.2,5.2,5.3,5.3,5.4,5.4,5.5,5.5,5.4,5.4,5.3,5.3,5.2,5.2,4.95,4.85,4.8,4.8,4.55,4.35,4.25,4.15,3.85,3.65,3.5,3.5,3.4,3.4,2.55,1.75,1.65,1.55,1.45,-0.55,-0.65,-1.35,-1.45,-1.85,-1.95,-2.15,-2.25,-2.65,-2.75,-2.95,-3.05,-3.15,-3.55,-3.75,-3.85,-4.05,-4.15,-4.25,-4.5,-4.5,-4.55,-4.75,-5.1,-5.1,-5.5,-5.5,-5.7,-5.7,-5.6,-5.6,-5.5,-5.5,-5.4,-5.4,-5.3,-5.3,-5.2,-5.2,-5.1,-5.1,-4.4,-4.4,-4.15,-4.05,-3.95,-3.65,-3.35,-3.15,-3.05,-2.35,-2.0,-2.0,-1.75,-1.65,-1.55,-0.75,-0.6
-2.3,-2.25,1.85,2.1,2.1,2.15,2.75,3.0,3.0,3.05,3.65,3.9,3.9,4.2,4.2,4.5,4.5,4.6,4.6,4.3,4.3,4.0,4.0,3.9,3.9,3.8,3.8,3.55,-3.05,-3.3,-3.3,-3.6,-3.6,-3.65,-3.75,-4.0,-4.0,-4.2,-4.2,-3.9,-3.9,-3.7,-3.7,-3.45,-3.15,-3.1,-3.1,-2.85,-2.55,-2.5,-2.5,-2.3
-0.9,-0.85,1.25,1.35,1.45,1.6,1.6,1.75,2.25,2.35,2.45,2.6,2.6,2.7,2.7,2.9,2.9,3.0,3.0,3.1,3.1,3.2,3.2,3.3,3.3,3.4,3.4,3.3,3.3,3.2,3.2,3.1,3.1,3.0,3.0,2.8,2.8,2.7,2.7,2.55,2.45,2.35,1.75,1.6,1.6,1.45,1.35,1.25,-1.35,-1.45,-1.55,-1.7,-1.7,-1.75,-2.05,-2.15,-2.45,-2.55,-2.65,-2.8,-2.8,-2.9,-2.9,-3.1,-3.1,-3.2,-3.2,-3.3,-3.3,-3.4,-3.4,-3.3,-3.3,-3.1,-3.1,-3.0,-3.0,-2.9,-2.9,-2.8,-2.8,-2.7,-2.7,-2.6,-2.6,-2.4,-2.4,-2.3,-2.3,-2.15,-2.05,-1.95,-1.35,-1.2,-1.2,-1.05,-0.95,-0.9
-0.1,-0.05,1.15,1.25,1.85,1.95,2.05,2.5,2.5,2.6,2.6,2.8,2.8,3.3,3.3,3.4,3.4,3.6,3.6,3.9,3.9,4.0,4.0,4.2,4.2,4.3,4.3,4.4,4.4,4.5,4.5,4.4,4.4,4.3,4.3,4.2,4.2,4.1,4.1,3.55,3.45,3.35,3.15,2.9,2.9,2.35,2.25,2.15,2.05,1.95,1.75,1.65,1.15,1.05,0.05,-0.05,-0.95,-1.05,-3.05,-3.15,-3.25,-3.8,-3.8,-4.25,-4.35,-4.8,-4.8,-4.9,-4.9,-5.0,-5.0,-5.1,-5.1,-5.2,-5.2,-5.3,-5.3,-5.2,-5.2,-5.1,-5.1,-5.0,-5.0,-4.9,-4.9,-4.8,-4.8,-4.7,-4.7,-4.6,-4.6,-4.5,-4.5,-4.4,-4.4,-4.3,-4.3,-4.2,-4.2,-4.1,-4.1,-3.6,-3.6,-3.4,-3.4,-3.3,-3.3,-2.4,-2.4,-1.95,-1.85,-1.75,-1.65,-1.55,-1.05,-0.95,-0.15,-0.1
2.84,2.84,2.84,2.76,2.72,2.68,2.65,2.61,2.57,2.53,2.5,2.46,2.38,2.31,2.23,2.12,2.04,1.89,1.85,1.66,1.51,1.4,1.36,1.32,1.17,1.06,0.91,0.83,0.68,0.57,0.45,0.42,0.38,0.3,0.19,0.11,-0.0,-0.08,-0.15,-0.19,-0.3,-0.34,-0.49,-0.61,-0.76,-0.83,-0.95,-0.98,-1.06,-1.17,-1.21,-1.32,-1.36,-1.4,-1.51,-1.55,-1.66,-1.74,-1.85,-1.97,-2.0,-2.08,-2.16,-2.19,-2.27,-2.31,-2.42,-2.53,-2.57,-2.68,-2.72,-2.76,-2.8,-3.06,-3.1,-3.14,-3.16,-3.17,-3.19,-3.22,-3.25,-3.26,-3.28,-3.29,-3.31,-3.35,-3.37,-3.37,-3.37,-3.38,-3.4,-3.4,-3.4,-3.41,-3.41,-3.4,-3.4,-3.41,-3.43,-3.44,-3.44,-3.46,-3.47,-3.5,-3.5,-3.52,-3.52,-3.52,-3.52,-3.52,-3.53,-3.53,-3.54,-3.56,-3.56,-3.56,-3.56,-3.56,-3.56,-3.56,-3.56,-3.56,-3.59,-3.59,-3.59,-3.59,-3.59,-3.59,-3.59,-3.59,-3.59,-3.6,-3.6,-3.6,-3.6,-3.6,-3.6,-3.6,-3.6,-3.6,-3.6,-3.6,-3.6,-3.6,-3.6,-3.6,-3.62,-3.62,-3.62,-3.62,-3.63,-3.65,-3.66,-3.66,-3.68,-3.68,-3.68,-3.68,-3.69,-3.69,-3.71,-3.71,-3.72,-3.72,-3.74,-3.75,-3.75,-3.77,-3.77,-3.77,-3.77,-3.75,-3.75,-3.75,-3.75,-3.75,-3.75,-3.75,-3.75,-3.75,-3.75,-3.75,-3.75,-3.75,-3.75,-3.75,-3.75,-3.75,-3.75,-3.75,-3.74,-3.74,-3.74,-3.74,-3.74,-3.72,-3.72,-3.71,-3.69,-3.68,-3.66,-3.65,-3.63,-3.63,-3.63,-3.63,-3.63,-3.62,-3.62,-3.62,-3.62,-3.6,-3.6,-3.59,-3.57,-3.57,-3.57,-3.56,-3.54,-3.53,-3.53,-3.53,-3.52,-3.5,-3.49,-3.47,-3.47,-3.46,-3.46,-3.46,-3.43,-3.41,-3.38,-3.38,-3.35,-3.32,-3.29,-3.26,-3.22,-3.22,-3.19,-3.17,-3.16,-3.11,-3.11,-3.08,-3.08,-3.07,-3.05,-3.02,-2.99,-2.99,-2.96,-2.96,-2.92,-2.9,-2.87,-2.86,-2.84,-2.83,-2.79,-2.76,-2.73,-2.71,-2.71,-2.7,-2.67,-2.65,-2.61,-2.58,-2.58,-2.56,-2.53,-2.53,-2.5,-2.5,-2.47,-2.44,-2.41,-2.41,-2.38,-2.35,-2.32,-2.31,-2.31,-2.29,-2.28,-2.26,-2.23,-2.23,-2.22,-2.19,-2.16,-2.14,-2.13,-2.1,-2.09,-2.06,-2.03,-1.98,-1.94,-1.94,-1.91,-1.88,-1.85,-1.82,-1.79,-1.77,-1.73,-1.68,-1.67,-1.64,-1.62,-1.61,-1.58,-1.56,-1.52,-1.47,-1.46,-1.44,-1.02,0.15,1.02,1.78,2.42,2.34,2.61,2.8,2.95,2.84
-1.0,-0.95,0.45,0.55,0.65,1.5,1.5,1.6,1.6,1.7,1.7,1.8,1.8,1.9,1.9,1.8,1.8,1.7,1.7,1.6,1.6,1.5,1.5,1.4,1.4,1.3,1.3,1.2,1.2,1.1,1.1,1.0,1.0,0.9,0.9,0.45,0.35,0.25,-1.55,-1.65,-1.75,-1.85,-2.25,-2.35,-2.45,-2.55,-2.85,-2.95,-3.05,-3.5,-3.5,-3.6,-3.6,-3.7,-3.7,-3.8,-3.8,-3.9,-3.9,-3.8,-3.8,-3.75,-3.75,-3.8,-3.8,-3.7,-3.7,-3.6,-3.6,-3.5,-3.5,-3.05,-2.95,-2.85,-2.45,-1.95,-1.85,-1.45,-1.35,-1.15,-1.05,-1.0
-0.3,-0.25,1.55,1.8,1.8,2.0,2.0,2.05,2.45,2.8,2.8,2.9,2.9,3.1,3.1,3.2,3.2,3.3,3.3,3.5,3.5,3.6,3.6,3.7,3.7,3.8,3.8,3.9,3.9,4.0,4.0,3.9,3.9,4.0,4.0,4.1,4.1,3.8,3.8,3.5,3.5,3.3,3.3,3.0,3.0,2.65,2.55,2.35,2.25,1.95,1.85,1.75,1.65,1.55,1.25,1.15,-0.65,-1.0,-1.0,-1.25,-1.45,-2.1,-2.1,-2.2,-2.2,-2.4,-2.4,-2.5,-2.5,-2.7,-2.7,-2.8,-2.8,-2.9,-2.9,-3.0,-3.0,-3.1,-3.1,-3.2,-3.2,-3.15,-3.15,-3.2,-3.2,-3.3,-3.3,-3.0,-3.0,-2.9,-2.9,-2.6,-2.6,-1.95,-1.85,-1.65,-1.25,-1.15,-0.95,-0.85,-0.75,-0.65,-0.45,-0.3
-1.0,-0.98,-0.96,-0.93,-0.91,-0.89,-0.84,-0.82,-0.79,-0.75,-0.72,-0.7,-0.68,-0.65,-0.63,-0.61,-0.58,-0.56,-0.54,-0.51,-0.49,-0.47,-0.44,-0.42,-0.4,-0.37,-0.35,-0.33,-0.3,-0.28,-0.28,-0.26,-0.26,-0.23,-0.23,-0.21,-0.19,-0.14,-0.14,-0.12,-0.09,-0.05,-0.02,0.0,0.05,0.07,0.07,0.09,0.12,0.14,0.19,0.19,0.21,0.23,0.26,0.28,0.3,0.35,0.37,0.4,0.42,0.44,0.47,0.49,0.54,0.54,0.56,0.58,0.61,0.76,1.23,1.66,1.92,2.0,2.13,2.17,2.1,2.0,1.89,1.73,1.35,1.03,0.74,0.32,-0.07,-0.68,-1.05,-1.55,-1.93,-1.98,-1.98,-1.98,-2.0,-2.03,-2.03,-2.03,-2.03,-2.05,-2.07,-2.1,-2.1,-2.12,-2.12,-2.14,-2.14,-2.14,-2.17,-2.19,-2.19,-2.19,-2.21,-2.21,-2.21,-2.24,-2.24,-2.26,-2.28,-2.28,-2.28,-2.31,-2.31,-2.33,-2.33,-2.33,-2.35,-2.35,-2.35,-2.38,-2.38,-2.38,-2.4,-2.4,-2.4,-2.42,-2.45,-2.45,-2.47,-2.47,-2.47,-2.49,-2.49,-2.49,-2.52,-2.54,-2.54,-2.54,-2.54,-2.54,-2.54,-2.54,-2.59,-2.59,-2.59,-2.59,-2.59,-2.59,-2.59,-2.59,-2.59,-2.59,-2.59,-2.61,-2.61,-2.61,-2.61,-2.61,-2.61,-2.61,-2.59,-2.59,-2.59,-2.59,-2.59,-2.56,-2.56,-2.56,-2.56,-2.56,-2.56,-2.54,-2.54,-2.54,-2.54,-2.54,-2.54,-2.52,-2.52,-2.52,-2.52,-2.49,-2.49,-2.47,-2.47,-2.47,-2.45,-2.45,-2.45,-2.42,-2.4,-2.38,-2.38,-2.35,-2.35,-2.33,-2.31,-2.31,-2.31,-2.28,-2.28,-2.26,-2.24,-2.24,-2.21,-2.19,-2.19,-2.17,-2.14,-2.14,-2.12,-2.12,-2.1,-2.1,-2.07,-2.07,-2.05,-2.05,-2.03,-2.03,-2.0,-2.0,-1.98,-1.96,-1.96,-1.93,-1.93,-1.91,-1.89,-1.89,-1.86,-1.86,-1.86,-1.84,-1.82,-1.79,-1.77,-1.77,-1.75,-1.72,-1.7,-1.7,-1.68,-1.68,-1.65,-1.65,-1.63,-1.63,-1.63,-1.61,-1.58,-1.56,-1.56,-1.54,-1.54,-1.51,-1.49,-1.47,-1.47,-1.44,-1.42,-1.42,-1.4,-1.4,-1.37,-1.35,-1.33,-1.3,-1.28,-1.26,-1.23,-1.21,-1.21,-1.19,-1.16,-1.14,-1.14,-1.12,-1.09,-1.07,-1.05,-1.02,-1.0
1.3,1.35,2.15,2.25,2.65,2.75,2.95,3.35,3.45,3.7,3.7,3.75,4.05,4.3,4.3,4.75,4.85,5.2,5.2,5.05,5.05,5.2,5.2,4.95,4.75,4.65,4.45,4.35,4.05,4.0,4.0,3.65,3.55,3.45,3.25,3.15,3.05,2.6,2.6,2.5,2.5,2.2,2.2,1.95,1.85,1.8,1.8,1.7,1.7,1.3,1.3,0.95,0.85,0.65,0.45,0.35,-0.45,-0.55,-2.65,-2.75,-2.85,-3.25,-3.55,-3.95,-4.25,-4.6,-4.6,-4.9,-4.9,-5.1,-5.1,-5.3,-5.3,-5.4,-5.4,-5.1,-5.1,-4.9,-4.9,-4.6,-4.6,-4.5,-4.5,-4.2,-4.2,-4.1,-4.1,-3.85,-3.75,-3.65,-3.55,-3.4,-3.4,-2.95,-2.75,-2.7,-2.7,-2.35,-1.95,-1.85,-1.45,-1.35,-0.95,-0.85,-0.45,-0.35,0.05,0.15,0.65,0.75,1.25,1.3
-1.93,-1.93,-1.91,-1.91,-1.9,-1.88,-1.86,-1.85,-1.83,-1.83,-1.81,-1.81,-1.78,-1.78,-1.76,-1.75,-1.75,-1.73,-1.73,-1.71,-1.7,-1.68,-1.65,-1.63,-1.61,-1.6,-1.6,-1.58,-1.56,-1.56,-1.55,-1.48,-1.46,-1.45,-1.45,-1.41,-1.39,-1.39,-1.39,-1.39,-1.38,-1.35,-1.35,-1.33,-1.31,-1.28,-1.28,-1.26,-1.23,-1.23,-1.18,-1.15,-1.13,-1.12,-1.1,-1.09,-1.02,-1.0,-0.96,-0.89,-0.88,-0.86,-0.84,-0.81,-0.76,-0.7,-0.66,-0.65,-0.58,-0.57,-0.53,-0.49,-0.42,-0.41,-0.31,-0.29,-0.24,-0.21,-0.19,-0.18,-0.16,-0.1,-0.06,-0.02,0.05,0.06,0.11,0.16,0.23,0.28,0.34,0.36,0.39,0.42,0.47,0.5,0.52,0.57,0.58,0.62,0.62,0.63,0.65,0.68,0.7,0.73,0.75,0.79,0.84,0.86,0.88,0.89,0.91,0.92,0.92,0.96,0.97,0.99,1.0,1.02,1.04,1.04,1.07,1.09,1.1,1.1,1.11,1.11,1.13,1.15,1.15,1.18,1.21,1.23,1.23,1.25,1.26,1.26,1.28,1.3,1.33,1.35,1.35,1.35,1.36,1.38,1.38,1.4,1.41,1.43,1.45,1.45,1.46,1.46,1.48,1.5,1.51,1.51,1.51,1.51,1.53,1.53,1.53,1.53,1.53,1.53,1.53,1.53,1.53,1.53,1.53,1.53,1.53,1.53,1.53,1.53,1.53,1.53,1.53,1.53,1.53,1.53,1.5,1.48,1.45,1.45,1.43,1.41,1.41,1.4,1.4,1.38,1.38,1.36,1.36,1.35,1.35,1.33,1.31,1.3,1.28,1.26,1.25,1.25,1.22,1.22,1.2,1.18,1.15,1.13,1.09,1.07,1.04,1.02,0.94,0.88,0.88,0.81,0.79,0.78,0.73,0.7,0.68,0.66,0.6,0.49,0.49,0.42,0.42,0.37,0.37,0.34,0.31,0.26,0.16,0.11,0.1,0.06,-0.03,-0.06,-0.1,-0.15,-0.16,-0.23,-0.24,-0.29,-0.32,-0.44,-0.57,-0.63,-0.73,-0.76,-0.78,-0.79,-0.81,-0.83,-0.86,-0.92,-0.92,-0.97,-0.97,-0.99,-1.02,-1.04,-1.07,-1.09,-1.12,-1.15,-1.17,-1.22,-1.23,-1.31,-1.36,-1.43,-1.44,-1.47,-1.52,-1.52,-1.54,-1.56,-1.57,-1.6,-1.61,-1.63,-1.63,-1.65,-1.66,-1.7,-1.73,-1.75,-1.76,-1.78,-1.78,-1.81,-1.81,-1.83,-1.83,-1.85,-1.85,-1.86,-1.86,-1.86,-1.86,-1.86,-1.86,-1.88,-1.88,-1.9,-1.91,-1.91,-1.91,-1.91,-1.93,-1.93,-1.93,-1.93,-1.95,-1.95,-1.95,-1.95,-1.95,-1.95,-1.95,-1.95,-1.93,-1.93,-1.91,-1.93
-2.7,-2.65,1.55,1.65,1.75,2.15,2.45,2.55,2.65,3.0,3.0,3.1,3.1,3.2,3.2,3.1,3.1,3.2,3.2,3.3,3.3,3.4,3.4,3.5,3.5,3.6,3.6,3.5,3.5,3.4,3.4,3.3,3.3,3.2,3.2,2.75,2.65,2.55,2.45,2.15,2.05,1.95,1.75,1.35,1.25,1.15,0.65,0.55,-3.15,-3.25,-3.35,-3.45,-3.55,-3.85,-4.25,-4.35,-4.45,-4.8,-4.8,-4.9,-4.9,-5.0,-5.0,-4.9,-4.9,-4.8,-4.8,-4.7,-4.7,-4.6,-4.6,-4.5,-4.5,-4.4,-4.4,-4.0,-4.0,-4.1,-4.1,-4.2,-4.2,-4.3,-4.3,-4.2,-4.2,-4.1,-4.1,-4.0,-4.0,-3.65,-3.55,-3.45,-3.25,-2.85,-2.75,-2.7
-1.3,-1.25,1.55,1.8,1.8,1.85,1.95,2.05,3.05,3.3,3.3,3.35,3.65,3.75,4.15,4.4,4.4,4.7,4.7,5.0,5.0,5.2,5.2,5.5,5.5,5.2,5.2,4.85,4.65,4.6,4.6,4.25,4.05,4.0,4.0,3.9,3.9,3.6,3.6,3.35,2.65,2.6,2.6,2.35,2.25,2.15,-2.65,-2.9,-2.9,-2.95,-3.75,-4.0,-4.0,-4.05,-4.45,-4.7,-4.7,-4.75,-4.85,-5.1,-5.1,-5.15,-5.25,-5.5,-5.5,-5.4,-5.4,-5.5,-5.5,-5.3,-5.3,-5.1,-5.1,-4.8,-4.8,-4.55,-4.15,-4.1,-4.1,-3.85,-3.05,-3.0,-3.0,-2.6,-2.6,-2.35,-1.55,-1.5,-1.5,-1.3
-0.57,-1.68,-2.74,-4.0,-4.33,-4.48,-3.97,-2.98,-2.53,-1.65,-0.96,-0.54,-0.15,0.36,1.5,2.35,3.31,4.18,4.18,4.15,4.06,4.0,3.97,3.94,3.85,3.85,3.79,3.76,3.7,3.67,3.61,3.52,3.4,3.4,3.4,3.37,3.34,3.28,3.19,3.16,3.07,3.04,3.04,3.04,3.04,3.01,3.01,2.98,2.98,2.95,2.92,2.92,2.92,2.89,2.89,2.86,2.86,2.83,2.83,2.86,2.86,2.86,2.86,2.86,2.86,2.86,2.86,2.86,2.86,2.86,2.86,2.86,2.86,2.86,2.86,2.86,2.83,2.83,2.77,2.77,2.74,2.71,2.68,2.68,2.65,2.62,2.62,2.59,2.56,2.53,2.53,2.5,2.41,2.35,2.35,2.23,2.23,2.14,2.14,2.04,2.04,2.04,1.53,0.33,-0.42,-0.54,-0.57
-1.7,-1.65,1.75,2.0,2.0,2.05,2.85,3.1,3.1,3.15,3.35,3.6,3.6,3.9,3.9,4.2,4.2,4.3,4.3,4.2,4.2,3.9,3.9,3.6,3.6,3.3,3.3,3.0,3.0,2.75,2.05,2.0,2.0,1.75,-1.35,-1.6,-1.6,-1.65,-2.45,-2.7,-2.7,-3.0,-3.0,-3.3,-3.3,-3.6,-3.6,-3.7,-3.7,-3.9,-3.9,-4.2,-4.2,-4.3,-4.3,-4.2,-4.2,-3.9,-3.9,-3.65,-3.35,-3.3,-3.3,-3.1,-3.1,-2.85,-2.15,-2.1,-2.1,-1.85,-1.75,-1.7
3.81,3.79,3.75,3.64,3.62,3.52,3.51,3.49,3.31,3.09,2.99,2.95,1.14,1.04,0.94,0.82,0.76,0.73,0.6,0.54,0.38,0.27,-1.44,-1.61,-1.72,-1.83,-2.0,-2.12,-2.29,-2.45,-2.49,-2.6,-2.77,-2.75,-2.75,-2.85,-2.85,-2.95,-2.95,-3.05,-3.05,-3.15,-3.15,-3.25,-3.25,-3.35,-3.35,-3.45,-3.45,-3.55,-3.55,-3.45,-3.45,-3.35,-3.35,-3.25,-3.25,-3.15,-3.15,-3.05,-3.05,-2.95,-2.95,-2.85,-2.85,-2.75,-2.75,-2.65,-2.65,-2.55,-2.55,-2.45,-2.45,-2.35,-2.35,-1.9,-1.8,-1.7,-1.6,-1.4,-1.3,-1.1,-1.0,-1.0,-1.1,-1.3,-1.4,-1.75,-1.75,-1.85,-1.85,-1.95,-1.95,-1.85,-1.85,-1.75,-1.75,-1.65,-1.65,-1.2,-1.1,-0.9,-0.8,-0.6,-0.5,-0.4,-0.3,-0.2,-0.1,-0.0,0.1,0.2,0.8,0.9,1.5,1.6,2.2,2.3,2.7,2.8,3.3,3.4,3.5,3.95,3.95,4.15,4.15,4.25,4.25,4.35,4.35,4.45,4.45,4.55,4.55,4.65,4.65,4.55,4.55,4.45,4.45,4.35,4.35,4.25,4.25,4.15,4.15,4.05,4.05,3.85,3.85,3.75,3.75,3.65,3.65,3.55,3.55,3.65,3.65,3.85,3.85,3.95,3.95,4.05,4.05,4.15,4.15,4.25,4.25,4.35,4.35,4.45,4.45,4.35,4.35,4.25,4.25,4.15,4.15,4.05,4.05,3.95,3.95,3.85,3.85,3.81
-0.1,-0.05,1.15,1.25,1.85,1.95,2.05,2.5,2.5,2.6,2.6,2.8,2.8,3.3,3.3,3.4,3.4,3.6,3.6,3.9,3.9,4.0,4.0,4.2,4.2,4.3,4.3,4.4,4.4,4.5,4.5,4.4,4.4,4.3,4.3,4.2,4.2,4.1,4.1,3.55,3.45,3.35,3.15,2.9,2.9,2.35,2.25,2.15,2.05,1.95,1.75,1.65,1.15,1.05,0.05,-0.05,-0.95,-1.05,-3.05,-3.15,-3.25,-3.8,-3.8,-4.25,-4.35,-4.8,-4.8,-4.9,-4.9,-5.0,-5.0,-5.1,-5.1,-5.2,-5.2,-5.3,-5.3,-5.2,-5.2,-5.1,-5.1,-5.0,-5.0,-4.9,-4.9,-4.8,-4.8,-4.7,-4.7,-4.6,-4.6,-4.5,-4.5,-4.4,-4.4,-4.3,-4.3,-4.2,-4.2,-4.1,-4.1,-3.6,-3.6,-3.4,-3.4,-3.3,-3.3,-2.4,-2.4,-1.95,-1.85,-1.75,-1.65,-1.55,-1.05,-0.95,-0.15,-0.1
2.3,2.35,3.85,3.95,4.35,4.45,4.65,4.75,5.05,5.15,5.35,5.45,5.65,5.75,5.85,6.4,6.4,6.5,6.5,6.4,6.4,6.35,6.35,6.5,6.5,6.6,6.6,6.7,6.7,6.8,6.8,6.7,6.7,6.5,6.5,6.4,6.4,6.3,6.3,6.2,6.2,5.9,5.9,5.7,5.7,5.4,5.4,4.6,4.6,4.25,4.15,3.55,3.45,3.35,3.15,2.95,2.85,2.75,1.35,1.25,0.65,0.55,0.45,0.35,0.15,0.05,-0.05,-0.1,-0.1,-0.45,-1.65,-1.75,-1.95,-2.05,-2.15,-2.25,-2.35,-2.45,-2.55,-2.65,-2.85,-2.95,-3.05,-3.65,-3.75,-3.95,-4.05,-4.45,-4.55,-5.6,-5.6,-5.7,-5.7,-5.8,-5.8,-5.7,-5.7,-5.6,-5.6,-5.5,-5.5,-5.3,-5.3,-5.2,-5.2,-4.95,-4.85,-4.6,-4.6,-4.3,-4.3,-4.05,-3.95,-3.9,-3.9,-3.8,-3.8,-3.15,-2.95,-2.75,-2.65,-2.25,-2.05,-1.95,-1.75,-1.65,-1.45,-1.35,-1.25,-1.05,-0.95,-0.85,-0.65,-0.55,0.45,0.55,1.75,1.95,2.05,2.3
-1.7,-1.65,1.65,1.75,1.85,2.0,2.0,2.15,2.35,2.45,2.55,2.7,2.7,2.8,2.8,2.9,2.9,3.0,3.0,3.1,3.1,3.2,3.2,3.1,3.1,3.0,3.0,2.9,2.9,2.8,2.8,2.7,2.7,2.55,2.45,2.35,1.95,1.8,1.8,1.65,1.55,1.45,-1.15,-1.25,-1.35,-1.6,-1.6,-1.65,-2.05,-2.15,-2.25,-2.5,-2.5,-2.6,-2.6,-2.7,-2.7,-2.8,-2.8,-2.9,-2.9,-3.0,-3.0,-3.1,-3.1,-3.0,-3.0,-3.1,-3.1,-3.2,-3.2,-3.1,-3.1,-3.0,-3.0,-2.9,-2.9,-2.75,-2.65,-2.55,-2.15,-2.1,-2.1,-1.85,-1.75,-1.7
-1.6,-1.55,0.55,0.8,0.8,0.85,1.25,1.35,1.65,1.9,1.9,1.95,2.05,2.3,2.3,2.35,2.45,2.7,2.7,2.75,2.95,3.2,3.2,3.5,3.5,3.6,3.6,3.7,3.7,3.6,3.6,3.4,3.4,3.1,3.1,2.85,2.65,2.55,2.05,2.0,2.0,1.75,1.05,0.95,-0.35,-0.45,-1.15,-1.4,-1.4,-1.45,-2.15,-2.5,-2.5,-2.55,-2.65,-2.9,-2.9,-3.2,-3.2,-3.3,-3.3,-3.2,-3.2,-3.3,-3.3,-3.1,-3.1,-2.9,-2.9,-2.65,-2.45,-2.35,-1.85,-1.8,-1.8,-1.6
-0.3,-0.25,1.55,1.8,1.8,2.0,2.0,2.05,2.45,2.8,2.8,2.9,2.9,3.1,3.1,3.2,3.2,3.3,3.3,3.5,3.5,3.6,3.6,3.7,3.7,3.8,3.8,3.9,3.9,4.0,4.0,3.9,3.9,4.0,4.0,4.1,4.1,3.8,3.8,3.5,3.5,3.3,3.3,3.0,3.0,2.65,2.55,2.35,2.25,1.95,1.85,1.75,1.65,1.55,1.25,1.15,-0.65,-1.0,-1.0,-1.25,-1.45,-2.1,-2.1,-2.2,-2.2,-2.4,-2.4,-2.5,-2.5,-2.7,-2.7,-2.8,-2.8,-2.9,-2.9,-3.0,-3.0,-3.1,-3.1,-3.2,-3.2,-3.15,-3.15,-3.2,-3.2,-3.3,-3.3,-3.0,-3.0,-2.9,-2.9,-2.6,-2.6,-1.95,-1.85,-1.65,-1.25,-1.15,-0.95,-0.85,-0.75,-0.65,-0.45,-0.3
-3.2,-3.15,2.85,2.95,3.05,3.5,3.5,3.6,3.6,3.8,3.8,3.9,3.9,4.0,4.0,4.1,4.1,4.0,4.0,3.9,3.9,3.8,3.8,3.35,3.25,3.15,2.85,2.45,2.35,2.25,-2.15,-2.25,-2.35,-2.75,-3.05,-3.15,-3.25,-3.7,-3.7,-3.8,-3.8,-3.9,-3.9,-3.8,-3.8,-3.35,-3.25,-3.2
-2.7,-2.65,1.55,1.65,1.75,2.15,2.45,2.55,2.65,3.0,3.0,3.1,3.1,3.2,3.2,3.1,3.1,3.2,3.2,3.3,3.3,3.4,3.4,3.5,3.5,3.6,3.6,3.5,3.5,3.4,3.4,3.3,3.3,3.2,3.2,2.75,2.65,2.55,2.45,2.15,2.05,1.95,1.75,1.35,1.25,1.15,0.65,0.55,-3.15,-3.25,-3.35,-3.45,-3.55,-3.85,-4.25,-4.35,-4.45,-4.8,-4.8,-4.9,-4.9,-5.0,-5.0,-4.9,-4.9,-4.8,-4.8,-4.7,-4.7,-4.6,-4.6,-4.5,-4.5,-4.4,-4.4,-4.0,-4.0,-4.1,-4.1,-4.2,-4.2,-4.3,-4.3,-4.2,-4.2,-4.1,-4.1,-4.0,-4.0,-3.65,-3.55,-3.45,-3.25,-2.85,-2.75,-2.7
-2.89,-2.89,-2.89,-2.8,-2.36,-1.61,-1.24,-1.22,-1.19,-1.17,-1.17,-1.15,-1.12,-1.1,-1.1,-1.08,-1.06,-1.03,-1.03,-0.99,-0.96,-0.94,-0.94,-0.92,-0.9,-0.87,-0.87,-0.85,-0.83,-0.8,-0.78,-0.76,-0.73,-0.71,-0.69,-0.67,-0.64,-0.6,-0.57,-0.53,-0.5,-0.48,-0.46,-0.44,-0.41,-0.39,-0.37,-0.34,-0.3,-0.28,-0.25,-0.21,-0.18,-0.16,-0.14,-0.11,-0.11,-0.09,-0.07,-0.05,-0.02,0.02,0.05,0.09,0.09,0.11,0.11,0.14,0.14,0.16,0.16,0.18,0.18,0.21,0.21,0.23,0.23,0.25,0.28,0.28,0.3,0.32,0.34,0.37,0.37,0.39,0.41,0.41,0.48,0.94,1.95,2.55,3.08,3.42,3.56,3.58,3.47,3.05,2.57,2.55,2.52,2.5,2.48,2.46,2.43,2.41,2.39,2.36,2.34,2.34,2.32,2.29,2.27,2.25,2.23,2.2,2.18,2.16,2.13,2.11,2.09,2.09,2.07,2.04,2.02,2.0,1.77,1.74,1.72,1.7,1.68,1.65,1.63,1.61,1.58,1.56,1.47,1.47,1.47,1.45,1.4,1.38,1.35,1.33,1.31,1.29,1.26,1.24,1.22,1.19,1.17,1.17,1.15,1.12,1.12,1.1,1.08,1.06,1.03,1.01,0.99,0.96,0.94,0.92,0.9,0.9,0.87,0.85,0.83,0.8,0.78,0.76,0.73,0.71,0.69,0.67,0.64,0.62,0.6,0.57,0.55,0.53,0.5,0.5,0.48,0.46,0.46,0.44,0.41,0.39,0.16,-0.48,-1.65,-2.02,-2.64,-2.89,-2.94,-2.89
-0.1,-0.05,1.15,1.25,1.85,1.95,2.05,2.5,2.5,2.6,2.6,2.8,2.8,3.3,3.3,3.4,3.4,3.6,3.6,3.9,3.9,4.0,4.0,4.2,4.2,4.3,4.3,4.4,4.4,4.5,4.5,4.4,4.4,4.3,4.3,4.2,4.2,4.1,4.1,3.55,3.45,3.35,3.15,2.9,2.9,2.35,2.25,2.15,2.05,1.95,1.75,1.65,1.15,1.05,0.05,-0.05,-0.95,-1.05,-3.05,-3.15,-3.25,-3.8,-3.8,-4.25,-4.35,-4.8,-4.8,-4.9,-4.9,-5.0,-5.0,-5.1,-5.1,-5.2,-5.2,-5.3,-5.3,-5.2,-5.2,-5.1,-5.1,-5.0,-5.0,-4.9,-4.9,-4.8,-4.8,-4.7,-4.7,-4.6,-4.6,-4.5,-4.5,-4.4,-4.4,-4.3,-4.3,-4.2,-4.2,-4.1,-4.1,-3.6,-3.6,-3.4,-3.4,-3.3,-3.3,-2.4,-2.4,-1.95,-1.85,-1.75,-1.65,-1.55,-1.05,-0.95,-0.15,-0.1
-1.34,0.67,1.89,1.9,2.0,2.0,2.1,2.1,2.0,2.0,1.8,1.8,1.7,1.7,1.35,1.25,1.15,-1.25,-1.35,-1.45,-1.8,-1.8,-1.9,-1.9,-2.0,-2.0,-2.1,-2.1,-2.2,-2.2,-2.3,-2.3,-1.43,-1.34
-1.7,-1.65,1.65,1.75,1.85,2.0,2.0,2.15,2.35,2.45,2.55,2.7,2.7,2.8,2.8,2.9,2.9,3.0,3.0,3.1,3.1,3.2,3.2,3.1,3.1,3.0,3.0,2.9,2.9,2.8,2.8,2.7,2.7,2.55,2.45,2.35,1.95,1.8,1.8,1.65,1.55,1.45,-1.15,-1.25,-1.35,-1.6,-1.6,-1.65,-2.05,-2.15,-2.25,-2.5,-2.5,-2.6,-2.6,-2.7,-2.7,-2.8,-2.8,-2.9,-2.9,-3.0,-3.0,-3.1,-3.1,-3.0,-3.0,-3.1,-3.1,-3.2,-3.2,-3.1,-3.1,-3.0,-3.0,-2.9,-2.9,-2.75,-2.65,-2.55,-2.15,-2.1,-2.1,-1.85,-1.75,-1.7
-1.3,-1.25,1.55,1.9,1.9,1.95,2.05,2.3,2.3,2.05,1.85,1.8,1.8,1.9,1.9,1.6,1.6,1.3,1.3,1.1,1.1,1.0,1.0,0.75,-2.85,-3.1,-3.1,-3.3,-3.3,-3.4,-3.4,-3.2,-3.2,-3.25,-3.65,-3.9,-3.9,-3.8,-3.8,-3.55,-3.25,-3.2,-3.2,-2.95,-2.55,-2.5,-2.5,-2.2,-2.2,-1.95,-1.65,-1.6,-1.6,-1.3
0.7,0.75,2.55,2.65,2.75,3.1,3.1,3.2,3.2,3.3,3.3,3.2,3.2,3.1,3.1,3.2,3.2,3.3,3.3,3.4,3.4,3.3,3.3,2.8,2.8,2.45,2.35,2.2,2.2,1.8,1.8,1.3,1.3,0.85,0.75,0.65,-0.05,-0.15,-2.65,-2.75,-2.85,-3.2,-3.2,-3.6,-3.6,-3.9,-3.9,-4.0,-4.0,-3.9,-3.9,-3.8,-3.8,-3.7,-3.7,-3.5,-3.5,-3.4,-3.4,-3.2,-3.2,-3.1,-3.1,-3.0,-3.0,-2.9,-2.9,-2.8,-2.8,-2.45,-2.35,-2.25,-2.05,-1.95,-1.55,-1.45,-0.75,-0.65,0.65,0.7
-0.28,-1.63,-2.51,-2.89,-3.8,-4.3,-4.35,-4.4,-4.0,-3.27,-2.44,-1.33,-0.23,0.8,1.56,1.86,2.09,1.78,2.46,2.92,2.69,2.26,1.81,0.65,-0.2,-0.28
-3.2,-3.15,2.85,2.95,3.05,3.5,3.5,3.6,3.6,3.8,3.8,3.9,3.9,4.0,4.0,4.1,4.1,4.0,4.0,3.9,3.9,3.8,3.8,3.35,3.25,3.15,2.85,2.45,2.35,2.25,-2.15,-2.25,-2.35,-2.75,-3.05,-3.15,-3.25,-3.7,-3.7,-3.8,-3.8,-3.9,-3.9,-3.8,-3.8,-3.35,-3.25,-3.2
-2.74,-2.99,-2.49,2.61,2.66,2.57,2.57,-2.32,-2.36,-2.4,-2.45,-2.49,-2.53,-2.57,-2.61,-2.61,-2.66,-2.7,-2.74
-2.89,-2.89,-2.89,-2.8,-2.36,-1.61,-1.24,-1.22,-1.19,-1.17,-1.17,-1.15,-1.12,-1.1,-1.1,-1.08,-1.06,-1.03,-1.03,-0.99,-0.96,-0.94,-0.94,-0.92,-0.9,-0.87,-0.87,-0.85,-0.83,-0.8,-0.78,-0.76,-0.73,-0.71,-0.69,-0.67,-0.64,-0.6,-0.57,-0.53,-0.5,-0.48,-0.46,-0.44,-0.41,-0.39,-0.37,-0.34,-0.3,-0.28,-0.25,-0.21,-0.18,-0.16,-0.14,-0.11,-0.11,-0.09,-0.07,-0.05,-0.02,0.02,0.05,0.09,0.09,0.11,0.11,0.14,0.14,0.16,0.16,0.18,0.18,0.21,0.21,0.23,0.23,0.25,0.28,0.28,0.3,0.32,0.34,0.37,0.37,0.39,0.41,0.41,0.48,0.94,1.95,2.55,3.08,3.42,3.56,3.58,3.47,3.05,2.57,2.55,2.52,2.5,2.48,2.46,2.43,2.41,2.39,2.36,2.34,2.34,2.32,2.29,2.27,2.25,2.23,2.2,2.18,2.16,2.13,2.11,2.09,2.09,2.07,2.04,2.02,2.0,1.77,1.74,1.72,1.7,1.68,1.65,1.63,1.61,1.58,1.56,1.47,1.47,1.47,1.45,1.4,1.38,1.35,1.33,1.31,1.29,1.26,1.24,1.22,1.19,1.17,1.17,1.15,1.12,1.12,1.1,1.08,1.06,1.03,1.01,0.99,0.96,0.94,0.92,0.9,0.9,0.87,0.85,0.83,0.8,0.78,0.76,0.73,0.71,0.69,0.67,0.64,0.62,0.6,0.57,0.55,0.53,0.5,0.5,0.48,0.46,0.46,0.44,0.41,0.39,0.16,-0.48,-1.65,-2.02,-2.64,-2.89,-2.94,-2.89
-1.5,-1.45,2.15,2.25,2.35,2.75,3.05,3.15,3.25,3.6,3.6,3.7,3.7,3.8,3.8,3.9,3.9,3.8,3.8,3.7,3.7,3.6,3.6,3.4,3.4,3.3,3.3,3.2,3.2,2.85,2.75,2.65,2.35,1.95,1.85,1.75,-1.95,-2.05,-2.15,-2.55,-2.85,-2.95,-3.05,-3.4,-3.4,-3.5,-3.5,-3.6,-3.6,-3.7,-3.7,-3.6,-3.6,-3.5,-3.5,-3.4,-3.4,-3.1,-3.1,-3.0,-3.0,-2.9,-2.9,-2.8,-2.8,-2.45,-2.35,-2.25,-2.05,-1.65,-1.55,-1.5
0.6,0.65,3.55,3.65,3.85,3.95,4.05,4.15,4.25,4.35,4.45,4.55,4.65,4.9,4.9,5.0,5.0,5.1,5.1,4.85,4.75,4.7,4.7,4.45,4.35,4.3,4.3,4.2,4.2,4.1,4.1,3.65,3.55,3.5,3.5,3.4,3.4,3.6,3.6,3.7,3.7,3.25,3.05,3.0,3.0,2.65,2.55,2.4,2.4,2.15,1.95,1.85,1.55,1.45,1.05,0.95,0.55,0.45,0.15,0.05,-0.25,-0.35,-0.55,-0.65,-0.95,-1.05,-1.25,-1.35,-1.45,-1.55,-1.75,-1.85,-2.85,-2.95,-3.05,-3.3,-3.3,-3.65,-3.75,-4.0,-4.0,-4.1,-4.1,-4.0,-4.0,-3.75,-3.65,-3.6,-3.6,-3.4,-3.4,-3.3,-3.3,-3.2,-3.2,-2.9,-2.9,-2.35,-2.25,-2.2,-2.2,-1.85,-1.75,-1.7,-1.7,-1.2,-1.2,-0.75,-0.55,-0.5,-0.5,-0.05,0.05,0.15,0.25,0.35,0.55,0.6
-1.64,-1.84,-1.86,-1.73,-1.39,-0.95,-0.29,0.15,0.58,1.17,1.57,1.93,2.16,2.24,2.24,2.24,2.24,2.24,2.24,2.24,2.24,2.24,2.24,2.24,2.25,2.25,2.27,2.27,2.27,2.27,2.27,2.27,2.28,2.28,2.27,2.27,2.27,2.25,2.24,2.24,2.24,2.22,2.22,2.22,2.22,2.21,2.21,2.2,2.18,2.18,2.18,2.17,2.16,2.16,2.13,2.05,1.72,1.46,1.14,0.62,0.05,-0.39,-0.4,-0.43,-0.46,-0.48,-0.51,-0.54,-0.55,-0.59,-0.62,-0.63,-0.64,-0.67,-0.7,-0.71,-0.72,-0.75,-0.78,-0.8,-0.84,-0.86,-0.9,-0.9,-0.94,-0.96,-0.99,-1.01,-1.03,-1.07,-1.09,-1.11,-1.13,-1.15,-1.17,-1.21,-1.21,-1.22,-1.29,-1.62,-1.64
-2.0,-1.95,-0.85,-0.75,-0.25,-0.15,0.05,0.15,0.25,0.35,0.45,0.85,0.95,1.05,1.15,1.25,1.35,2.5,2.5,2.6,2.6,2.7,2.7,2.8,2.8,2.9,2.9,2.8,2.8,2.7,2.7,2.6,2.6,2.5,2.5,2.4,2.4,2.3,2.3,2.2,2.2,1.65,1.55,1.35,1.25,1.15,0.95,0.85,0.45,0.35,-0.95,-1.05,-1.25,-1.35,-1.45,-1.65,-1.75,-1.85,-1.95,-2.65,-2.75,-3.3,-3.3,-3.4,-3.4,-3.5,-3.5,-3.65,-3.75,-4.3,-4.3,-4.4,-4.4,-4.5,-4.5,-4.4,-4.4,-4.3,-4.3,-3.65,-3.55,-3.35,-3.25,-3.15,-3.05,-2.85,-2.75,-2.65,-2.45,-2.35,-2.05,-2.0
0.0,0.05,0.55,0.65,1.15,1.25,1.45,1.55,1.75,1.85,2.25,2.45,2.55,2.75,2.85,3.8,3.8,4.0,4.0,4.1,4.1,4.0,4.0,4.1,4.1,4.2,4.2,4.3,4.3,4.4,4.4,4.5,4.5,4.4,4.4,4.1,4.1,3.85,3.75,3.6,3.6,3.4,3.4,3.3,3.3,3.2,3.2,3.0,3.0,2.9,2.9,2.65,2.55,2.45,2.35,2.25,2.15,2.05,1.95,1.85,0.95,0.85,-0.75,-0.85,-1.15,-1.25,-1.35,-1.45,-1.55,-1.65,-1.75,-1.85,-1.95,-2.05,-2.15,-2.25,-2.35,-3.0,-3.0,-3.2,-3.2,-3.5,-3.5,-3.7,-3.7,-4.0,-4.0,-4.1,-4.1,-4.2,-4.2,-4.3,-4.3,-4.2,-4.2,-4.1,-4.1,-4.0,-4.0,-3.9,-3.9,-3.8,-3.8,-3.7,-3.7,-3.6,-3.6,-3.3,-3.3,-2.95,-2.85,-1.95,-1.75,-1.65,-1.45,-1.35,-1.15,-1.05,-0.55,-0.45,-0.05,0.0
-1.34,0.67,1.89,1.9,2.0,2.0,2.1,2.1,2.0,2.0,1.8,1.8,1.7,1.7,1.35,1.25,1.15,-1.25,-1.35,-1.45,-1.8,-1.8,-1.9,-1.9,-2.0,-2.0,-2.1,-2.1,-2.2,-2.2,-2.3,-2.3,-1.43,-1.34
