2.85,2.9,2.9,2.8,2.8,2.65,2.55,2.4,2.4,2.3,2.3,2.15,2.05,1.95,1.75,1.65,1.55,1.45,1.05,0.95,0.55,0.45,-1.95,-2.05,-2.45,-2.55,-2.65,-2.75,-2.95,-3.05,-3.45,-3.55,-3.65,-3.8,-3.8,-3.9,-3.9,-4.05,-4.15,-4.3,-4.3,-4.4,-4.4,-4.3,-4.3,-4.05,-3.95,-3.9,-3.9,-3.8,-3.8,-3.55,-3.45,-3.35,-2.95,-2.85,-2.45,-2.35,-2.25,-2.15,-2.05,-1.95,-1.55,-1.45,-0.05,0.05,0.25,0.35,0.45,0.55,1.45,1.55,1.65,1.75,1.95,2.05,2.15,2.3,2.3,2.4,2.4,2.45,2.55,2.8,2.8,2.85
4.35,4.4,4.4,4.3,4.3,4.2,4.2,4.1,4.1,3.9,3.9,3.8,3.8,3.7,3.7,3.6,3.6,3.45,3.35,3.25,3.15,2.95,2.85,2.75,2.25,2.15,1.25,1.15,0.25,0.15,-1.15,-1.25,-1.35,-1.45,-2.15,-2.25,-2.35,-2.75,-2.85,-3.1,-3.1,-3.2,-3.2,-3.3,-3.3,-3.4,-3.4,-3.5,-3.5,-3.6,-3.6,-3.5,-3.5,-3.4,-3.4,-3.2,-3.2,-3.1,-3.1,-3.0,-3.0,-2.65,-2.55,-2.45,-2.35,-2.15,-2.05,-1.95,-1.65,-1.5,-1.5,-1.25,-1.15,-1.05,-0.95,-0.75,-0.65,-0.55,-0.05,0.05,0.65,0.75,1.35,1.45,1.55,1.65,1.75,1.85,2.25,2.35,2.45,2.55,2.65,2.85,2.95,3.05,3.15,3.3,3.3,3.4,3.4,3.55,3.65,3.9,3.9,4.0,4.0,4.05,4.15,4.3,4.3,4.35
3.75,3.8,3.8,3.7,3.7,3.3,3.3,3.2,3.2,2.65,2.55,2.45,2.15,2.05,-0.05,-0.15,-1.55,-1.65,-2.05,-2.15,-2.25,-2.7,-2.7,-2.8,-2.8,-3.2,-3.2,-3.3,-3.3,-3.2,-3.2,-2.8,-2.8,-2.7,-2.7,-2.25,-2.15,-2.05,-1.85,-1.75,-1.65,-1.55,-0.45,-0.35,2.05,2.15,2.55,2.65,2.75,3.2,3.2,3.3,3.3,3.7,3.7,3.75
2.85,2.9,2.9,2.6,2.6,2.4,2.4,2.0,2.0,1.75,1.45,1.35,1.05,0.95,-0.85,-0.95,-1.25,-1.35,-1.55,-1.65,-1.75,-1.85,-1.95,-2.05,-2.15,-2.45,-2.55,-2.8,-2.8,-3.0,-3.0,-2.9,-2.9,-2.7,-2.7,-2.25,-1.95,-1.85,-1.55,-1.45,-1.35,-1.25,-0.15,-0.05,0.15,0.25,0.55,0.75,0.95,1.05,1.35,1.55,1.65,1.75,1.85,1.95,2.05,2.7,2.7,2.85
3.15,3.2,3.2,3.1,3.1,2.6,2.6,2.2,2.2,2.1,2.1,1.85,1.55,1.25,1.05,0.75,0.45,0.35,-0.15,-0.25,-0.65,-0.75,-1.75,-1.85,-2.15,-2.25,-2.45,-2.85,-2.95,-3.05,-3.45,-3.55,-3.95,-4.05,-4.15,-4.5,-4.5,-4.6,-4.6,-4.7,-4.7,-4.8,-4.8,-4.9,-4.9,-4.7,-4.7,-4.15,-3.85,-3.65,-3.55,-3.45,-3.35,-3.25,-3.15,-3.05,-2.95,-2.85,-2.75,-2.65,-2.05,-1.95,-1.65,-1.55,0.55,0.85,1.05,1.15,1.25,1.35,1.75,2.1,2.1,2.2,2.2,2.25,2.35,2.6,2.6,3.1,3.1,3.15
2.07,2.07,2.07,2.09,2.09,2.12,2.12,2.12,2.14,2.14,2.14,2.14,2.14,2.14,2.14,2.14,2.14,2.14,2.14,2.14,2.14,2.14,2.14,2.14,2.14,2.14,2.14,2.12,2.12,2.12,2.09,2.09,2.07,2.07,2.05,2.05,2.03,2.0,1.98,1.98,1.96,1.96,1.93,1.93,1.91,1.89,1.86,1.86,1.86,1.84,1.84,1.82,1.79,1.79,1.79,1.77,1.77,1.75,1.75,1.72,1.72,1.7,1.7,1.65,1.65,1.63,1.63,1.61,1.61,1.5,1.21,0.88,0.52,0.25,-0.08,-0.46,-0.71,-1.08,-1.41,-1.75,-2.25,-2.48,-2.73,-2.85,-2.85,-2.68,-2.48,-1.93,-1.31,-1.23,-1.21,-1.19,-1.19,-1.19,-1.16,-1.14,-1.12,-1.12,-1.09,-1.09,-1.07,-1.07,-1.05,-1.05,-1.02,-1.0,-1.0,-0.98,-0.95,-0.93,-0.93,-0.91,-0.88,-0.86,-0.84,-0.84,-0.81,-0.79,-0.77,-0.74,-0.72,-0.72,-0.7,-0.68,-0.68,-0.65,-0.63,-0.61,-0.58,-0.56,-0.56,-0.54,-0.51,-0.49,-0.47,-0.44,-0.44,-0.42,-0.4,-0.4,-0.37,-0.35,-0.33,-0.3,-0.28,-0.26,-0.23,-0.21,-0.19,-0.16,-0.14,-0.12,-0.09,-0.07,-0.05,-0.02,0.0,0.02,0.05,0.07,0.09,0.09,0.12,0.14,0.16,0.19,0.21,0.26,0.26,0.28,0.3,0.33,0.35,0.35,0.37,0.4,0.42,0.44,0.47,0.47,0.49,0.51,0.54,0.56,0.58,0.61,0.63,0.65,0.68,0.68,0.7,0.7,0.72,0.74,0.77,0.79,0.81,0.81,0.84,0.86,0.88,0.91,0.93,0.95,0.95,0.98,1.0,1.0,1.02,1.07,1.07,1.09,1.09,1.14,1.16,1.16,1.16,1.19,1.21,1.23,1.23,1.26,1.26,1.28,1.28,1.3,1.3,1.33,1.33,1.35,1.35,1.37,1.4,1.4,1.42,1.42,1.42,1.44,1.44,1.47,1.49,1.49,1.49,1.51,1.54,1.56,1.56,1.58,1.58,1.61,1.63,1.65,1.65,1.68,1.68,1.7,1.72,1.72,1.75,1.75,1.77,1.77,1.79,1.79,1.82,1.82,1.84,1.84,1.84,1.86,1.86,1.89,1.89,1.91,1.91,1.91,1.93,1.93,1.93,1.96,1.98,1.98,1.98,1.98,2.0,2.0,2.03,2.05,2.05,2.05,2.07
4.65,4.7,4.7,4.45,4.25,4.2,4.2,3.95,3.75,3.7,3.7,3.45,3.25,2.95,2.75,2.7,2.7,2.45,2.05,1.95,1.75,1.7,1.7,1.45,1.05,0.95,0.75,0.45,-0.45,-0.55,-1.45,-1.65,-2.45,-2.65,-2.95,-3.25,-3.45,-3.7,-3.7,-3.75,-3.95,-4.2,-4.2,-4.25,-4.45,-4.7,-4.7,-4.45,-4.25,-4.2,-4.2,-3.95,-3.75,-3.7,-3.7,-3.45,-3.05,-2.95,-1.55,-1.45,-1.05,-0.95,-0.65,-0.45,0.45,0.55,0.75,1.05,1.25,1.55,2.45,2.55,3.45,3.7,3.7,3.75,3.95,4.2,4.2,4.25,4.45,4.65
3.55,3.6,3.6,3.5,3.5,3.4,3.4,3.3,3.3,3.2,3.2,3.1,3.1,2.85,2.75,2.65,2.55,2.45,1.45,1.2,1.2,1.15,0.95,0.7,0.7,0.65,0.55,0.45,0.15,0.05,-0.25,-0.7,-0.7,-0.75,-0.95,-1.05,-1.15,-1.35,-1.65,-1.75,-2.25,-2.7,-2.7,-2.75,-2.95,-3.3,-3.3,-3.45,-3.65,-3.9,-3.9,-4.0,-4.0,-4.1,-4.1,-4.2,-4.2,-4.3,-4.3,-4.4,-4.4,-4.5,-4.5,-4.6,-4.6,-4.7,-4.7,-4.8,-4.8,-4.9,-4.9,-5.0,-5.0,-4.9,-4.9,-4.65,-4.55,-4.2,-4.2,-3.95,-3.65,-3.55,-2.95,-2.85,-1.65,-1.4,-1.4,-1.35,-1.05,-0.85,-0.55,-0.45,-0.35,-0.25,-0.15,0.15,0.25,0.8,0.8,0.85,0.95,1.3,1.3,1.35,1.55,2.05,2.15,2.6,2.6,2.65,2.85,3.3,3.3,3.4,3.4,3.5,3.5,3.55
3.65,3.7,3.7,3.6,3.6,3.5,3.5,3.4,3.4,3.3,3.3,2.9,2.9,2.8,2.8,2.25,2.15,2.05,1.75,1.65,1.35,1.25,1.15,1.05,0.35,0.25,-0.05,-0.15,-0.25,-0.35,-0.55,-0.65,-0.75,-0.85,-1.05,-1.15,-1.25,-1.35,-1.55,-1.65,-1.75,-1.85,-2.05,-2.15,-2.25,-2.6,-2.6,-2.7,-2.7,-2.8,-2.8,-2.9,-2.9,-3.0,-3.0,-3.1,-3.1,-3.0,-3.0,-2.9,-2.9,-2.8,-2.8,-2.4,-2.4,-2.3,-2.3,-2.2,-2.2,-1.25,-1.15,-1.05,-0.75,-0.65,-0.55,-0.45,-0.15,-0.05,0.05,0.15,1.05,1.15,1.25,1.35,1.45,1.55,1.75,1.85,1.95,2.45,2.65,2.75,2.85,3.2,3.2,3.3,3.3,3.6,3.6,3.65
-0.99,-1.59,-2.28,-2.78,-3.15,-3.44,-3.74,-4.01,-4.24,-4.44,-4.47,-4.21,-3.78,-3.51,-3.21,-2.91,-2.25,-1.49,-0.99,-0.6,-0.2,0.46,1.09,1.69,2.12,2.55,2.88,2.95,3.25,3.58,3.94,3.87,3.58,3.25,2.91,2.78,2.55,2.15,1.69,1.13,0.83,0.53,0.26,-0.03,-0.2,-0.83,-0.99,-0.99
2.15,2.2,2.2,1.95,1.75,1.7,1.7,1.45,1.25,1.2,1.2,0.95,0.75,0.7,0.7,0.45,-1.45,-1.7,-1.7,-1.75,-1.95,-2.2,-2.2,-2.25,-2.45,-2.7,-2.7,-2.75,-3.35,-3.6,-3.6,-3.65,-3.85,-4.1,-4.1,-3.85,-3.65,-3.6,-3.6,-3.35,-3.15,-3.1,-3.1,-2.85,-1.95,-1.8,-1.7,-1.7,-1.45,-1.25,-1.2,-1.2,-0.95,-0.65,-0.45,-0.05,0.05,0.95,1.25,1.45,1.7,1.7,1.75,1.95,2.15
3.25,3.3,3.3,2.5,2.5,2.25,2.15,2.1,2.1,1.85,1.55,1.45,1.35,1.25,0.95,0.85,0.65,0.55,-1.05,-1.35,-1.65,-2.0,-2.0,-2.1,-2.1,-2.15,-2.45,-2.55,-2.95,-3.3,-3.3,-3.4,-3.4,-3.5,-3.5,-3.6,-3.6,-3.7,-3.7,-3.8,-3.8,-3.9,-3.9,-3.8,-3.8,-3.6,-3.6,-3.35,-3.25,-3.15,-3.05,-2.35,-2.05,-1.95,-1.75,-1.65,-1.55,-1.45,-1.15,-1.05,-0.55,-0.35,0.65,0.75,1.15,1.25,1.65,2.0,2.0,2.1,2.1,2.2,2.2,2.35,2.45,2.7,2.7,2.8,2.8,2.9,2.9,3.0,3.0,3.1,3.1,3.2,3.2,3.25
4.35,4.4,4.4,4.3,4.3,4.2,4.2,4.1,4.1,3.9,3.9,3.8,3.8,3.7,3.7,3.6,3.6,3.45,3.35,3.25,3.15,2.95,2.85,2.75,2.25,2.15,1.25,1.15,0.25,0.15,-1.15,-1.25,-1.35,-1.45,-2.15,-2.25,-2.35,-2.75,-2.85,-3.1,-3.1,-3.2,-3.2,-3.3,-3.3,-3.4,-3.4,-3.5,-3.5,-3.6,-3.6,-3.5,-3.5,-3.4,-3.4,-3.2,-3.2,-3.1,-3.1,-3.0,-3.0,-2.65,-2.55,-2.45,-2.35,-2.15,-2.05,-1.95,-1.65,-1.5,-1.5,-1.25,-1.15,-1.05,-0.95,-0.75,-0.65,-0.55,-0.05,0.05,0.65,0.75,1.35,1.45,1.55,1.65,1.75,1.85,2.25,2.35,2.45,2.55,2.65,2.85,2.95,3.05,3.15,3.3,3.3,3.4,3.4,3.55,3.65,3.9,3.9,4.0,4.0,4.05,4.15,4.3,4.3,4.35
5.45,5.5,5.5,5.4,5.4,4.75,4.65,4.45,4.35,3.65,3.55,2.95,2.85,2.55,2.45,2.2,2.2,1.95,1.85,1.7,1.7,1.35,1.25,1.05,0.95,0.85,0.15,-0.25,-0.35,-0.85,-1.25,-1.35,-1.65,-2.2,-2.2,-2.25,-2.45,-3.05,-4.05,-4.15,-4.65,-5.2,-5.2,-4.95,-4.85,-4.6,-4.6,-3.55,-3.45,-2.4,-2.4,-2.1,-2.1,-1.15,0.35,0.4,0.5,0.65,2.35,2.45,2.55,2.65,3.75,4.25,4.45,4.9,4.9,5.1,5.1,5.3,5.3,5.4,5.4,5.45
1.93,1.96,1.95,1.75,1.7,1.7,1.45,1.25,0.95,0.65,0.45,0.05,-0.05,-2.45,-2.7,-2.7,-2.67,-2.5,-1.39,-1.39,0.45,0.65,0.95,1.25,1.45,1.55,1.95,1.93
-4.29,-3.6,-2.78,-1.39,-0.16,1.68,3.15,4.17,4.5,4.58,4.46,4.05,3.48,2.7,1.96,1.39,0.12,-0.9,-1.92,-3.07,-3.97,-4.58,-4.62,-4.5,-4.37,-4.29
4.8,4.73,4.2,3.08,1.6,0.57,-0.61,-1.41,-2.26,-3.58,-4.57,-5.0,-5.23,-5.3,-4.97,-4.41,-3.58,-2.63,-1.6,-0.28,1.17,2.55,3.61,4.37,4.76,4.83,4.8
3.65,3.7,3.7,3.6,3.6,3.5,3.5,3.2,3.2,3.1,3.1,2.65,2.55,2.45,2.15,2.05,0.95,0.85,0.45,0.35,0.15,0.05,-1.05,-1.15,-1.55,-1.65,-1.75,-1.95,-2.05,-2.15,-2.55,-2.65,-2.95,-3.05,-3.15,-3.6,-3.6,-3.7,-3.7,-4.1,-4.1,-4.2,-4.2,-4.1,-4.1,-4.0,-4.0,-3.7,-3.7,-3.6,-3.6,-3.2,-3.2,-3.1,-3.1,-2.75,-2.65,-2.55,-2.45,-2.2,-2.2,-2.1,-2.1,-1.75,-1.65,-1.55,-1.35,-1.25,-1.15,-1.05,0.05,0.15,0.25,0.35,0.55,0.65,0.75,1.1,1.1,1.2,1.2,1.6,1.6,1.7,1.7,1.95,2.05,2.15,2.25,2.6,2.6,2.7,2.7,3.1,3.1,3.2,3.2,3.5,3.5,3.6,3.6,3.65
4.15,4.2,4.2,4.1,4.1,3.75,3.65,3.6,3.6,3.2,3.2,3.1,3.1,2.75,2.65,2.6,2.6,2.2,2.2,2.1,2.1,1.75,1.65,1.6,1.6,1.25,1.15,1.05,0.95,0.75,0.65,0.25,0.15,0.05,-0.35,-0.45,-1.55,-1.65,-1.75,-1.95,-2.05,-2.15,-2.25,-2.45,-2.55,-2.65,-2.75,-3.1,-3.1,-3.2,-3.2,-3.65,-3.75,-4.1,-4.1,-4.2,-4.2,-4.1,-4.1,-3.75,-3.65,-3.55,-3.45,-3.25,-3.15,-3.05,-1.45,-1.35,-1.25,-1.15,-0.95,-0.75,-0.65,-0.55,-0.15,-0.05,0.05,0.25,0.35,0.45,1.55,1.65,1.75,2.05,3.05,3.15,3.25,3.65,3.75,4.1,4.1,4.15
2.95,3.0,3.0,2.9,2.9,2.5,2.5,2.4,2.4,2.15,2.05,1.95,1.85,1.65,1.55,1.45,1.05,0.95,0.75,0.65,0.55,0.45,0.05,-0.05,-0.95,-1.05,-1.45,-1.55,-1.65,-1.75,-1.95,-2.05,-2.15,-2.4,-2.4,-2.5,-2.43,-2.43,-2.5,-2.4,-2.4,-2.15,-2.05,-2.0,-2.0,-1.9,-1.9,-1.65,-1.55,-1.5,-1.5,-1.4,-1.4,-1.15,-1.05,-0.65,-0.55,-0.45,-0.05,0.05,1.45,1.55,1.95,2.05,2.15,2.4,2.4,2.5,2.5,2.55,2.65,2.9,2.9,2.95
2.07,2.07,2.07,2.09,2.09,2.12,2.12,2.12,2.14,2.14,2.14,2.14,2.14,2.14,2.14,2.14,2.14,2.14,2.14,2.14,2.14,2.14,2.14,2.14,2.14,2.14,2.14,2.12,2.12,2.12,2.09,2.09,2.07,2.07,2.05,2.05,2.03,2.0,1.98,1.98,1.96,1.96,1.93,1.93,1.91,1.89,1.86,1.86,1.86,1.84,1.84,1.82,1.79,1.79,1.79,1.77,1.77,1.75,1.75,1.72,1.72,1.7,1.7,1.65,1.65,1.63,1.63,1.61,1.61,1.5,1.21,0.88,0.52,0.25,-0.08,-0.46,-0.71,-1.08,-1.41,-1.75,-2.25,-2.48,-2.73,-2.85,-2.85,-2.68,-2.48,-1.93,-1.31,-1.23,-1.21,-1.19,-1.19,-1.19,-1.16,-1.14,-1.12,-1.12,-1.09,-1.09,-1.07,-1.07,-1.05,-1.05,-1.02,-1.0,-1.0,-0.98,-0.95,-0.93,-0.93,-0.91,-0.88,-0.86,-0.84,-0.84,-0.81,-0.79,-0.77,-0.74,-0.72,-0.72,-0.7,-0.68,-0.68,-0.65,-0.63,-0.61,-0.58,-0.56,-0.56,-0.54,-0.51,-0.49,-0.47,-0.44,-0.44,-0.42,-0.4,-0.4,-0.37,-0.35,-0.33,-0.3,-0.28,-0.26,-0.23,-0.21,-0.19,-0.16,-0.14,-0.12,-0.09,-0.07,-0.05,-0.02,0.0,0.02,0.05,0.07,0.09,0.09,0.12,0.14,0.16,0.19,0.21,0.26,0.26,0.28,0.3,0.33,0.35,0.35,0.37,0.4,0.42,0.44,0.47,0.47,0.49,0.51,0.54,0.56,0.58,0.61,0.63,0.65,0.68,0.68,0.7,0.7,0.72,0.74,0.77,0.79,0.81,0.81,0.84,0.86,0.88,0.91,0.93,0.95,0.95,0.98,1.0,1.0,1.02,1.07,1.07,1.09,1.09,1.14,1.16,1.16,1.16,1.19,1.21,1.23,1.23,1.26,1.26,1.28,1.28,1.3,1.3,1.33,1.33,1.35,1.35,1.37,1.4,1.4,1.42,1.42,1.42,1.44,1.44,1.47,1.49,1.49,1.49,1.51,1.54,1.56,1.56,1.58,1.58,1.61,1.63,1.65,1.65,1.68,1.68,1.7,1.72,1.72,1.75,1.75,1.77,1.77,1.79,1.79,1.82,1.82,1.84,1.84,1.84,1.86,1.86,1.89,1.89,1.91,1.91,1.91,1.93,1.93,1.93,1.96,1.98,1.98,1.98,1.98,2.0,2.0,2.03,2.05,2.05,2.05,2.07
4.25,4.3,4.3,4.2,4.2,4.05,3.95,3.9,3.9,3.8,3.8,3.7,3.7,3.55,3.45,3.35,3.25,3.05,2.95,2.9,2.9,2.8,2.8,2.7,2.7,2.55,2.45,2.3,2.3,2.2,2.2,2.05,1.95,1.55,1.45,1.3,1.3,1.15,1.05,0.9,0.9,0.8,0.8,0.65,0.55,0.45,0.25,0.15,0.05,-0.05,-0.45,-0.55,-1.45,-1.55,-1.85,-1.95,-2.05,-2.15,-2.35,-2.45,-2.85,-2.95,-3.05,-3.25,-3.35,-3.45,-3.55,-3.7,-3.7,-3.8,-3.8,-3.95,-4.05,-4.2,-4.2,-4.3,-4.3,-4.2,-4.2,-4.05,-3.95,-3.8,-3.8,-3.7,-3.7,-3.55,-3.45,-3.3,-3.3,-3.2,-3.2,-3.05,-2.95,-2.8,-2.8,-2.7,-2.7,-2.55,-2.45,-2.4,-2.4,-2.3,-2.3,-2.05,-1.95,-1.8,-1.8,-1.65,-1.55,-1.45,-1.35,-1.15,-1.05,-0.95,-0.55,-0.4,-0.4,-0.3,-0.3,-0.15,-0.05,0.05,0.15,0.35,0.45,0.55,2.35,2.45,2.55,2.75,2.85,2.95,3.05,3.2,3.2,3.25,3.35,3.45,3.55,3.7,3.7,3.8,3.8,3.95,4.05,4.2,4.2,4.25
3.31,2.36,1.35,0.71,-0.3,-1.38,-2.73,-3.61,-3.65,-3.11,-2.36,-1.72,-1.35,-0.27,0.81,2.13,3.04,3.61,3.78,3.75,3.21,3.31
4.35,4.4,4.4,4.3,4.3,4.2,4.2,4.1,4.1,4.0,4.0,3.6,3.6,3.5,3.5,3.15,3.05,2.95,2.55,2.45,1.75,1.65,0.25,0.2,0.1,0.05,-1.05,-1.15,-1.25,-1.35,-2.35,-2.45,-2.55,-2.65,-3.05,-3.15,-3.25,-3.6,-3.6,-3.7,-3.7,-4.0,-4.0,-4.1,-4.1,-4.2,-4.2,-4.1,-4.1,-4.0,-4.0,-3.9,-3.9,-3.55,-3.45,-3.4,-3.4,-3.3,-3.3,-2.95,-2.85,-2.75,-2.35,-2.25,-0.65,-0.55,0.75,0.85,2.25,2.35,2.75,2.85,3.25,3.35,3.45,3.8,3.8,3.9,3.9,4.3,4.3,4.35
5.05,5.1,5.1,4.85,4.65,4.6,4.6,4.35,4.15,4.1,4.1,3.85,3.45,3.35,2.65,2.45,2.05,1.95,1.25,1.2,1.2,0.95,0.65,0.45,-0.95,-1.05,-2.45,-2.55,-2.95,-3.05,-3.45,-3.55,-3.85,-4.05,-4.35,-4.6,-4.6,-4.65,-4.85,-5.1,-5.1,-5.2,-5.2,-5.1,-5.1,-4.85,-4.75,-4.7,-4.7,-4.45,-4.15,-3.95,-3.65,-3.45,-2.55,-2.45,-2.15,-1.95,-0.55,-0.35,-0.05,0.05,0.95,1.05,1.95,2.05,2.45,2.65,2.95,3.25,3.35,3.45,3.85,4.1,4.1,4.15,4.35,4.6,4.6,4.65,4.85,5.05
-0.15,0.72,1.49,2.08,2.77,2.92,3.29,3.69,3.99,4.24,4.34,4.36,4.36,4.34,4.34,4.34,4.34,4.31,4.29,4.29,4.29,4.29,4.29,4.29,4.29,4.24,4.21,4.21,4.14,4.04,3.99,3.99,3.96,3.86,3.79,3.74,3.64,3.52,3.39,3.27,3.12,2.95,2.75,2.55,2.33,2.11,1.86,1.64,1.51,1.49,1.46,1.44,1.44,1.41,1.39,1.36,1.34,1.31,1.29,1.26,1.24,1.24,1.21,1.19,1.19,1.16,1.14,1.11,1.09,1.07,1.04,1.04,0.99,0.97,0.94,0.92,0.89,0.89,0.87,0.84,0.82,0.82,0.79,0.77,0.74,0.72,0.69,0.67,0.64,0.64,0.17,0.03,0.02,0.02,0.0,-0.02,-0.05,-0.05,-0.07,-0.1,-0.1,-0.12,-0.2,-0.22,-0.25,-0.27,-0.3,-0.32,-0.35,-0.37,-0.4,-0.42,-0.45,-0.47,-0.5,-0.52,-0.55,-0.57,-0.59,-0.62,-0.64,-0.67,-0.67,-0.69,-0.72,-0.74,-0.77,-0.79,-0.82,-0.84,-0.87,-1.24,-1.91,-2.6,-3.29,-3.62,-3.99,-4.04,-4.04,-4.04,-4.01,-4.01,-4.01,-4.01,-4.01,-4.01,-4.01,-3.99,-3.99,-3.96,-3.91,-3.89,-3.84,-3.79,-3.72,-3.64,-3.54,-3.47,-3.37,-3.22,-3.1,-2.97,-2.85,-1.76,-1.49,-0.99,-0.4,-0.15,-0.15
3.65,3.7,3.7,3.6,3.6,3.5,3.5,3.2,3.2,3.1,3.1,2.65,2.55,2.45,2.15,2.05,0.95,0.85,0.45,0.35,0.15,0.05,-1.05,-1.15,-1.55,-1.65,-1.75,-1.95,-2.05,-2.15,-2.55,-2.65,-2.95,-3.05,-3.15,-3.6,-3.6,-3.7,-3.7,-4.1,-4.1,-4.2,-4.2,-4.1,-4.1,-4.0,-4.0,-3.7,-3.7,-3.6,-3.6,-3.2,-3.2,-3.1,-3.1,-2.75,-2.65,-2.55,-2.45,-2.2,-2.2,-2.1,-2.1,-1.75,-1.65,-1.55,-1.35,-1.25,-1.15,-1.05,0.05,0.15,0.25,0.35,0.55,0.65,0.75,1.1,1.1,1.2,1.2,1.6,1.6,1.7,1.7,1.95,2.05,2.15,2.25,2.6,2.6,2.7,2.7,3.1,3.1,3.2,3.2,3.5,3.5,3.6,3.6,3.65
3.95,4.0,4.0,3.9,3.9,3.55,3.45,3.35,3.05,2.95,2.55,2.45,2.05,1.95,1.75,1.65,1.55,1.45,1.35,1.15,1.05,0.95,0.85,0.65,0.55,0.45,0.25,0.15,0.05,-0.05,-0.25,-0.35,-0.45,-0.55,-1.45,-1.55,-1.65,-1.85,-1.95,-2.05,-2.15,-2.25,-2.45,-2.55,-2.65,-2.9,-2.9,-3.05,-3.15,-3.55,-3.95,-4.05,-4.15,-4.4,-4.4,-4.5,-4.5,-4.4,-4.4,-4.15,-4.05,-4.0,-4.0,-3.9,-3.9,-3.65,-3.55,-3.45,-3.35,-3.15,-3.05,-2.65,-2.55,-2.45,-1.55,-1.45,-0.55,-0.45,-0.35,-0.25,-0.05,0.05,0.45,0.55,0.65,1.05,1.15,1.25,1.45,1.55,1.65,1.9,1.9,2.0,2.0,2.05,2.15,2.4,2.4,2.5,2.5,2.55,2.65,2.95,3.35,3.45,3.55,3.9,3.9,3.95
3.85,3.9,3.9,3.8,3.8,3.55,3.45,3.4,3.4,3.3,3.3,3.15,3.05,2.95,2.75,2.65,2.55,2.45,2.35,2.15,2.05,1.95,1.05,0.95,0.55,0.45,-0.45,-0.55,-0.95,-1.05,-1.15,-1.25,-1.45,-1.55,-1.65,-1.8,-1.8,-1.85,-1.95,-2.05,-2.15,-2.3,-2.3,-2.55,-2.65,-2.8,-2.8,-2.9,-2.9,-3.05,-3.15,-3.3,-3.3,-3.4,-3.4,-3.3,-3.3,-3.15,-3.05,-2.9,-2.9,-2.8,-2.8,-2.65,-2.55,-2.45,-2.35,-2.15,-2.05,-1.95,-1.55,-1.45,-0.55,-0.45,-0.05,0.05,0.45,0.55,0.65,0.85,0.95,1.05,1.15,1.35,1.45,1.55,1.65,1.75,1.95,2.05,2.15,2.35,2.45,2.55,2.65,2.8,2.8,3.05,3.15,3.3,3.3,3.4,3.4,3.55,3.65,3.8,3.8,3.85
4.25,4.3,4.3,4.2,4.2,4.05,3.95,3.9,3.9,3.8,3.8,3.7,3.7,3.55,3.45,3.35,3.25,3.05,2.95,2.9,2.9,2.8,2.8,2.7,2.7,2.55,2.45,2.3,2.3,2.2,2.2,2.05,1.95,1.55,1.45,1.3,1.3,1.15,1.05,0.9,0.9,0.8,0.8,0.65,0.55,0.45,0.25,0.15,0.05,-0.05,-0.45,-0.55,-1.45,-1.55,-1.85,-1.95,-2.05,-2.15,-2.35,-2.45,-2.85,-2.95,-3.05,-3.25,-3.35,-3.45,-3.55,-3.7,-3.7,-3.8,-3.8,-3.95,-4.05,-4.2,-4.2,-4.3,-4.3,-4.2,-4.2,-4.05,-3.95,-3.8,-3.8,-3.7,-3.7,-3.55,-3.45,-3.3,-3.3,-3.2,-3.2,-3.05,-2.95,-2.8,-2.8,-2.7,-2.7,-2.55,-2.45,-2.4,-2.4,-2.3,-2.3,-2.05,-1.95,-1.8,-1.8,-1.65,-1.55,-1.45,-1.35,-1.15,-1.05,-0.95,-0.55,-0.4,-0.4,-0.3,-0.3,-0.15,-0.05,0.05,0.15,0.35,0.45,0.55,2.35,2.45,2.55,2.75,2.85,2.95,3.05,3.2,3.2,3.25,3.35,3.45,3.55,3.7,3.7,3.8,3.8,3.95,4.05,4.2,4.2,4.25
6.51,6.48,6.44,6.44,6.41,6.37,6.34,6.19,6.09,6.02,5.91,5.84,5.77,5.73,5.66,5.63,5.59,5.56,5.45,5.42,5.31,5.27,5.2,5.17,5.04,5.02,5.0,4.97,4.95,4.95,4.93,4.9,4.88,4.85,4.85,4.83,4.81,4.78,4.76,4.74,4.71,4.71,4.69,4.67,4.64,4.64,4.62,4.59,4.57,4.55,4.52,4.5,4.48,4.45,4.43,4.41,4.38,4.36,4.33,4.31,4.31,4.29,4.26,4.24,4.22,4.19,4.17,4.15,4.12,4.1,4.07,4.05,4.03,4.0,3.98,3.96,3.91,3.89,3.86,3.86,3.84,3.82,3.79,3.77,3.74,3.72,3.7,3.7,3.67,3.65,3.63,3.6,3.58,3.56,3.53,3.51,3.48,3.46,3.44,3.41,3.39,3.37,3.34,3.32,3.3,3.27,3.25,3.22,3.22,3.2,3.18,3.15,3.13,3.11,3.08,3.06,3.04,3.01,2.99,2.96,2.96,2.94,2.92,2.89,2.87,2.85,2.85,2.82,2.8,2.75,2.73,2.7,2.68,2.66,2.63,2.61,2.59,2.56,2.54,2.52,2.49,2.47,2.44,2.42,2.4,2.37,2.35,2.33,2.3,2.28,2.26,2.23,2.21,2.19,2.16,2.16,2.14,2.11,2.09,2.07,2.04,2.02,2.0,1.97,1.95,1.93,1.9,1.88,1.85,1.83,1.83,1.81,1.78,1.78,1.76,1.74,1.71,1.69,1.67,1.64,1.62,1.59,1.57,1.55,1.52,1.5,1.48,1.45,1.45,1.43,1.41,1.38,1.36,1.33,1.31,1.29,1.26,1.24,1.22,1.22,1.19,1.17,1.15,1.12,1.1,1.07,1.05,1.03,1.0,0.98,0.96,0.93,0.91,0.89,0.86,0.84,0.81,0.79,0.77,0.74,0.72,0.7,0.67,0.65,0.63,0.6,0.58,0.56,0.53,0.51,0.48,0.46,0.44,0.41,0.39,0.37,0.34,0.32,0.3,0.27,0.25,0.22,0.2,0.18,0.15,0.13,0.11,0.08,0.06,0.04,0.01,-0.01,-0.04,-0.08,-0.11,-0.11,-0.13,-0.15,-0.18,-0.18,-0.2,-0.22,-0.22,-0.25,-0.27,-0.27,-0.3,-0.32,-0.34,-0.34,-0.37,-0.39,-0.41,-0.44,-0.44,-0.48,-0.51,-0.53,-0.56,-0.58,-0.6,-0.63,-0.65,-0.65,-0.67,-0.7,-0.72,-0.74,-0.74,-0.77,-0.81,-0.81,-0.86,-0.89,-0.91,-0.93,-0.93,-0.96,-0.98,-1.0,-1.03,-1.05,-1.07,-1.07,-1.12,-1.17,-1.19,-1.22,-1.24,-1.26,-1.26,-1.29,-1.31,-1.36,-1.38,-1.41,-1.43,-1.43,-1.45,-1.48,-1.5,-1.52,-1.52,-1.55,-1.57,-1.59,-1.62,-1.64,-1.67,-1.69,-1.71,-1.74,-1.74,-1.76,-1.81,-1.95,-2.05,-2.12,-2.27,-2.34,-2.44,-2.55,-2.65,-2.8,-2.9,-3.04,-3.08,-3.22,-3.33,-3.47,-3.61,-3.72,-3.75,-3.89,-4.0,-4.0,-4.03,-4.18,-4.28,-4.5,-4.67,-4.81,-4.96,-5.06,-5.06,-5.24,-5.34,-5.45,-5.63,-5.73,-5.84,-5.88,-5.88,-5.95,-5.98,-5.98,-6.02,-6.05,-6.09,-6.19,-6.3,-6.37,-6.65,-6.94,-7.01,-6.72,-5.95,-4.57,-2.87,-1.63,-0.5,0.81,1.91,3.19,4.42,5.38,6.3,6.62,6.58,6.69,6.69,6.51
4.75,4.8,4.8,4.7,4.7,4.6,4.6,4.25,4.15,4.05,3.85,3.75,3.65,3.55,3.45,3.25,3.15,3.05,2.65,2.55,2.15,2.05,0.95,0.85,0.75,0.65,0.55,0.45,0.35,0.25,0.05,-0.05,-0.15,-0.25,-0.45,-0.55,-0.95,-1.05,-1.15,-1.5,-1.5,-2.0,-2.0,-2.05,-2.15,-2.35,-2.45,-2.55,-2.65,-2.95,-3.05,-3.4,-3.4,-3.5,-3.5,-3.6,-3.6,-3.5,-3.5,-3.4,-3.4,-3.05,-2.95,-2.85,-2.55,-2.45,-2.05,-1.95,-1.75,-1.65,-1.55,-1.45,-1.35,-1.15,-1.05,-0.95,0.15,0.25,0.35,0.55,0.65,0.75,0.85,0.95,2.05,2.15,2.25,2.45,2.65,2.75,2.85,2.95,3.15,3.25,3.35,3.45,3.55,3.65,3.75,3.85,4.05,4.15,4.25,4.7,4.7,4.75
4.95,5.0,5.0,4.9,4.9,4.8,4.8,4.6,4.6,4.7,4.7,4.6,4.6,4.25,4.25,4.3,4.3,3.95,3.85,3.8,3.8,3.7,3.7,3.5,3.5,3.4,3.4,2.85,2.75,2.65,2.55,2.35,2.25,2.15,2.05,1.95,1.85,1.75,1.55,1.45,1.35,1.25,1.05,0.95,0.45,0.3,0.2,0.15,-0.35,-0.45,-0.55,-0.75,-1.05,-1.25,-1.95,-2.15,-2.35,-2.65,-2.75,-3.1,-3.1,-3.2,-3.2,-3.3,-3.3,-3.4,-3.4,-3.5,-3.5,-3.6,-3.6,-3.7,-3.7,-3.8,-3.8,-3.9,-3.9,-4.0,-4.0,-3.9,-3.9,-3.7,-3.7,-3.6,-3.6,-3.25,-3.15,-2.95,-2.85,-2.75,-2.65,-2.55,-2.45,-2.3,-2.3,-2.2,-2.2,-1.85,-1.75,-1.65,-1.55,-1.45,-1.35,-1.25,-1.15,-1.1,-1.1,-0.75,-0.65,-0.55,-0.45,-0.35,-0.25,-0.15,-0.05,0.05,0.15,0.25,0.45,0.55,0.65,0.75,0.85,0.95,1.15,1.25,1.45,1.55,1.65,1.75,1.95,2.05,2.35,2.45,3.05,3.5,3.5,3.85,4.05,4.4,4.4,4.5,4.5,4.6,4.6,4.8,4.8,4.9,4.9,4.95
2.19,3.01,3.34,3.16,2.96,2.21,1.03,-0.3,-1.28,-2.24,-2.61,-2.46,-1.73,-0.68,0.55,1.66,2.11,2.19
4.15,4.2,4.2,4.1,4.1,3.9,3.9,3.5,3.5,3.3,3.3,2.35,1.95,1.9,1.9,1.7,1.7,1.4,1.4,1.1,1.1,0.85,0.75,0.45,0.35,0.05,-0.35,-0.55,-1.25,-1.35,-1.55,-1.65,-1.75,-1.95,-2.15,-2.25,-2.35,-2.45,-2.55,-2.85,-2.95,-3.45,-3.55,-3.9,-3.9,-4.0,-4.0,-4.3,-4.3,-4.4,-4.4,-4.5,-4.5,-4.4,-4.4,-4.3,-4.3,-4.0,-4.0,-3.3,-3.3,-3.1,-3.1,-2.9,-2.9,-1.95,-1.85,-1.75,-1.65,-1.35,-0.95,-0.85,-0.65,-0.55,-0.15,-0.05,0.55,0.65,1.55,1.65,1.85,1.95,2.05,2.15,2.25,2.35,2.45,2.65,2.75,2.85,2.95,3.15,3.25,3.7,3.7,4.0,4.0,4.1,4.1,4.15
-0.25,-1.53,-2.41,-3.06,-3.67,-4.04,-4.12,-3.34,-2.81,-1.91,-1.21,-0.75,-0.08,0.6,1.86,2.74,3.92,4.47,4.65,4.65,4.45,3.42,2.36,1.43,1.23,0.58,-0.15,-0.25
7.0,9.52,9.52,6.78,6.61,-6.61,-6.78,-9.74,-9.74,-9.61,-7.61,-7.52,6.84,7.0
3.65,3.7,3.7,3.6,3.6,3.5,3.5,3.2,3.2,3.1,3.1,2.65,2.55,2.45,2.15,2.05,0.95,0.85,0.45,0.35,0.15,0.05,-1.05,-1.15,-1.55,-1.65,-1.75,-1.95,-2.05,-2.15,-2.55,-2.65,-2.95,-3.05,-3.15,-3.6,-3.6,-3.7,-3.7,-4.1,-4.1,-4.2,-4.2,-4.1,-4.1,-4.0,-4.0,-3.7,-3.7,-3.6,-3.6,-3.2,-3.2,-3.1,-3.1,-2.75,-2.65,-2.55,-2.45,-2.2,-2.2,-2.1,-2.1,-1.75,-1.65,-1.55,-1.35,-1.25,-1.15,-1.05,0.05,0.15,0.25,0.35,0.55,0.65,0.75,1.1,1.1,1.2,1.2,1.6,1.6,1.7,1.7,1.95,2.05,2.15,2.25,2.6,2.6,2.7,2.7,3.1,3.1,3.2,3.2,3.5,3.5,3.6,3.6,3.65
1.81,1.81,1.81,1.8,1.8,1.78,1.77,1.77,1.74,1.72,1.71,1.69,1.68,1.68,1.65,1.63,1.62,1.62,1.62,1.62,1.59,1.57,1.56,1.56,1.54,1.51,1.51,1.51,1.48,1.48,1.45,1.44,1.41,1.38,1.36,1.36,1.33,1.32,1.3,1.27,1.24,1.24,1.21,1.19,1.16,1.15,1.12,1.12,1.1,1.09,1.06,1.04,1.01,0.97,0.94,0.94,0.92,0.89,0.85,0.83,0.8,0.77,0.76,0.73,0.71,0.65,0.64,0.64,0.62,0.6,0.54,0.5,0.47,0.45,0.41,0.36,0.33,0.33,0.3,0.29,0.26,0.21,0.17,0.15,0.14,0.12,0.11,0.06,0.05,0.0,-0.05,-0.05,-0.06,-0.08,-0.12,-0.15,-0.18,-0.21,-0.26,-0.27,-0.29,-0.3,-0.33,-0.36,-0.39,-0.42,-0.44,-0.47,-0.48,-0.51,-0.54,-0.56,-0.6,-0.62,-0.64,-0.67,-0.7,-0.71,-0.76,-0.77,-0.8,-0.82,-0.86,-0.91,-0.94,-0.97,-0.98,-1.0,-1.03,-1.04,-1.04,-1.09,-1.13,-1.19,-1.23,-1.27,-1.3,-1.35,-1.39,-1.41,-1.45,-1.5,-1.51,-1.59,-1.6,-1.62,-1.63,-1.63,-1.65,-1.66,-1.71,-1.74,-1.75,-1.77,-1.78,-1.8,-1.83,-1.85,-1.86,-1.86,-1.88,-1.89,-1.91,-1.94,-1.94,-1.98,-1.98,-2.0,-2.01,-2.03,-2.04,-2.06,-2.09,-2.12,-2.13,-2.13,-2.16,-2.18,-2.18,-2.19,-2.21,-2.22,-2.24,-2.25,-2.27,-2.28,-2.3,-2.33,-2.34,-2.37,-2.37,-2.39,-2.4,-2.4,-2.4,-2.42,-2.44,-2.45,-2.47,-2.48,-2.51,-2.53,-2.53,-2.53,-2.53,-2.53,-2.54,-2.54,-2.54,-2.54,-2.54,-2.54,-2.54,-2.54,-2.54,-2.54,-2.54,-2.54,-2.56,-2.56,-2.56,-2.56,-2.56,-2.56,-2.56,-2.56,-2.56,-2.54,-2.54,-2.54,-2.54,-2.54,-2.54,-2.54,-2.53,-2.53,-2.53,-2.51,-2.5,-2.5,-2.5,-2.48,-2.48,-2.48,-2.48,-2.48,-2.48,-2.47,-2.47,-2.45,-2.44,-2.44,-2.42,-2.39,-2.37,-2.36,-2.36,-2.34,-2.34,-2.33,-2.33,-2.33,-2.31,-2.31,-2.31,-2.28,-2.28,-2.28,-2.28,-2.28,-2.27,-2.25,-2.25,-2.22,-2.21,-2.21,-2.18,-2.18,-2.16,-2.15,-2.13,-2.12,-2.12,-2.1,-2.09,-2.09,-2.07,-2.06,-2.06,-2.06,-2.06,-2.06,-2.06,-2.06,-2.06,-2.04,-2.04,-2.04,-2.04,-2.03,-2.01,-2.01,-2.0,-2.0,-2.0,-2.0,-2.0,-2.0,-1.98,-1.98,-1.98,-1.98,-1.97,-1.97,-1.95,-1.95,-1.95,-1.95,-1.95,-1.94,-1.94,-1.92,-1.91,-1.91,-1.89,-1.89,-1.86,-1.85,-1.83,-1.83,-1.81,-1.8,-1.78,-1.74,-1.72,-1.71,-1.69,-1.68,-1.63,-1.62,-1.62,-1.59,-1.54,-1.53,-1.51,-1.48,-1.47,-1.44,-1.42,-1.41,-1.38,-1.33,-1.32,-1.27,-1.26,-1.23,-1.18,-1.18,-1.15,-1.13,-1.1,-1.09,-1.06,-1.04,-1.03,-1.0,-0.98,-0.95,-0.94,-0.92,-0.89,-0.86,-0.83,-0.82,-0.79,-0.77,-0.76,-0.73,-0.71,-0.7,-0.67,-0.64,-0.6,-0.57,-0.56,-0.54,-0.51,-0.5,-0.47,-0.45,-0.41,-0.36,-0.32,-0.29,-0.24,-0.23,-0.21,-0.18,-0.15,-0.12,-0.11,-0.09,-0.05,0.0,0.03,0.08,0.11,0.12,0.14,0.18,0.2,0.24,0.27,0.32,0.35,0.35,0.42,0.47,0.5,0.51,0.53,0.54,0.56,0.57,0.59,0.6,0.62,0.65,0.67,0.68,0.73,0.76,0.77,0.79,0.8,0.82,0.85,0.85,0.91,0.94,0.98,1.01,1.03,1.06,1.1,1.12,1.13,1.16,1.19,1.21,1.23,1.24,1.26,1.29,1.32,1.33,1.36,1.38,1.39,1.42,1.44,1.45,1.47,1.48,1.5,1.54,1.59,1.63,1.65,1.69,1.71,1.71,1.74,1.74,1.75,1.78,1.78,1.81,1.81,1.85,1.91,1.91,1.94,1.95,1.95,1.97,2.0,2.0,2.01,2.01,2.04,2.04,2.06,2.06,2.07,2.07,2.09,2.1,2.1,2.1,2.1,2.12,2.12,2.13,2.13,2.13,2.15,2.15,2.15,2.16,2.16,2.16,2.16,2.18,2.18,2.18,2.21,2.24,2.25,2.25,2.25,2.25,2.31,2.34,2.36,2.37,2.39,2.42,2.45,2.45,2.47,2.48,2.48,2.51,2.51,2.51,2.53,2.53,2.54,2.56,2.56,2.56,2.54,2.54,2.54,2.54,2.54,2.54,2.54,2.54,2.54,2.54,2.54,2.54,2.53,2.53,2.53,2.53,2.53,2.53,2.51,2.51,2.51,2.51,2.51,2.51,2.51,2.51,2.51,2.51,2.5,2.5,2.5,2.5,2.48,2.48,2.47,2.47,2.45,2.45,2.42,2.42,2.4,2.39,2.39,2.37,2.37,2.36,2.36,2.34,2.33,2.33,2.33,2.31,2.31,2.3,2.28,2.27,2.27,2.25,2.25,2.24,2.22,2.22,2.21,2.19,2.16,2.16,2.15,2.13,2.12,2.12,2.1,2.09,2.09,2.07,2.07,2.06,2.04,2.04,2.01,2.0,1.97,1.95,1.95,1.94,1.91,1.89,1.86,1.86,1.85,1.83,1.83,1.81
3.95,4.0,4.0,3.9,3.9,3.55,3.45,3.35,3.05,2.95,2.55,2.45,2.05,1.95,1.75,1.65,1.55,1.45,1.35,1.15,1.05,0.95,0.85,0.65,0.55,0.45,0.25,0.15,0.05,-0.05,-0.25,-0.35,-0.45,-0.55,-1.45,-1.55,-1.65,-1.85,-1.95,-2.05,-2.15,-2.25,-2.45,-2.55,-2.65,-2.9,-2.9,-3.05,-3.15,-3.55,-3.95,-4.05,-4.15,-4.4,-4.4,-4.5,-4.5,-4.4,-4.4,-4.15,-4.05,-4.0,-4.0,-3.9,-3.9,-3.65,-3.55,-3.45,-3.35,-3.15,-3.05,-2.65,-2.55,-2.45,-1.55,-1.45,-0.55,-0.45,-0.35,-0.25,-0.05,0.05,0.45,0.55,0.65,1.05,1.15,1.25,1.45,1.55,1.65,1.9,1.9,2.0,2.0,2.05,2.15,2.4,2.4,2.5,2.5,2.55,2.65,2.95,3.35,3.45,3.55,3.9,3.9,3.95
4.35,4.4,4.4,4.3,4.3,4.2,4.2,4.1,4.1,3.9,3.9,3.8,3.8,3.7,3.7,3.6,3.6,3.45,3.35,3.25,3.15,2.95,2.85,2.75,2.25,2.15,1.25,1.15,0.25,0.15,-1.15,-1.25,-1.35,-1.45,-2.15,-2.25,-2.35,-2.75,-2.85,-3.1,-3.1,-3.2,-3.2,-3.3,-3.3,-3.4,-3.4,-3.5,-3.5,-3.6,-3.6,-3.5,-3.5,-3.4,-3.4,-3.2,-3.2,-3.1,-3.1,-3.0,-3.0,-2.65,-2.55,-2.45,-2.35,-2.15,-2.05,-1.95,-1.65,-1.5,-1.5,-1.25,-1.15,-1.05,-0.95,-0.75,-0.65,-0.55,-0.05,0.05,0.65,0.75,1.35,1.45,1.55,1.65,1.75,1.85,2.25,2.35,2.45,2.55,2.65,2.85,2.95,3.05,3.15,3.3,3.3,3.4,3.4,3.55,3.65,3.9,3.9,4.0,4.0,4.05,4.15,4.3,4.3,4.35
4.24,4.47,3.88,3.74,3.69,3.6,3.56,3.51,3.51,3.47,3.42,3.33,3.28,3.24,3.15,3.1,3.06,2.96,2.92,2.83,2.78,2.64,2.6,2.51,2.46,2.42,2.37,2.33,2.28,2.28,2.19,2.14,2.05,1.96,1.87,1.82,1.82,1.78,1.73,1.69,1.64,1.55,1.46,1.41,1.28,1.23,1.19,1.14,1.09,1.09,1.0,1.0,0.96,0.91,0.87,0.82,0.78,0.68,0.64,0.55,0.5,0.41,0.32,0.27,0.23,0.18,0.09,0.05,-0.0,-0.09,-0.14,-0.18,-0.32,-0.36,-0.41,-0.46,-0.5,-0.59,-0.64,-0.68,-0.73,-0.78,-0.82,-0.87,-0.96,-1.09,-1.14,-1.23,-1.32,-1.41,-1.46,-1.55,-1.64,-1.69,-1.73,-1.87,-1.92,-1.92,-1.96,-2.05,-2.14,-2.19,-2.23,-2.33,-2.37,-2.42,-2.55,-2.6,-2.64,-2.69,-2.74,-2.83,-3.19,-4.29,-4.7,-4.74,-4.74,-4.79,-4.74,-4.74,-4.65,-4.65,-4.65,-4.61,-4.51,-4.51,-4.47,-4.47,-4.42,-4.38,-4.33,-4.29,-4.29,-4.29,-4.29,-1.41,-1.32,-1.23,-1.09,-1.0,-0.91,-0.82,-0.82,-0.78,-0.68,-0.59,0.32,2.33,3.65,4.29,4.24
1.94,2.92,3.97,4.51,5.02,5.48,5.76,5.72,5.45,5.29,4.9,4.24,3.5,3.05,3.0,3.0,2.97,2.95,2.92,2.92,2.89,2.87,2.84,2.82,2.79,2.79,2.76,2.74,2.74,2.71,2.69,2.66,2.66,2.63,2.61,2.58,2.56,2.58,2.3,2.25,2.25,2.25,2.25,2.22,2.22,2.22,2.22,2.19,2.19,2.19,2.19,2.17,2.17,2.14,2.14,2.12,2.12,2.12,2.12,2.09,2.09,2.06,2.06,2.04,2.04,2.06,2.01,2.01,2.01,1.99,1.99,1.99,1.96,1.96,1.93,1.93,1.91,1.91,1.91,1.86,1.83,1.8,1.78,1.75,1.7,1.67,1.65,1.62,1.6,1.57,1.54,1.52,1.49,1.47,1.44,1.41,1.39,1.36,1.34,1.31,1.29,1.26,1.23,1.21,1.18,1.16,1.13,1.1,1.08,1.05,1.03,1.0,0.97,0.95,0.92,0.92,0.9,0.87,0.84,0.82,0.79,0.77,0.74,0.71,0.69,0.64,0.61,0.58,0.56,0.53,0.48,0.45,0.43,0.4,0.38,0.35,0.32,0.27,0.25,0.22,0.19,0.17,0.12,0.09,0.06,0.01,-0.01,-0.06,-0.09,-0.14,-0.19,-0.22,-0.25,-0.27,-0.32,-0.35,-0.38,-0.43,-0.45,-0.48,-0.53,-0.58,-0.61,-0.64,-0.66,-0.69,-0.71,-0.74,-0.77,-0.79,-0.82,-0.84,-0.87,-0.9,-0.92,-0.95,-1.0,-1.03,-1.05,-1.08,-1.1,-1.13,-1.13,-1.16,-1.18,-1.21,-1.23,-1.26,-1.29,-1.31,-1.31,-1.34,-1.36,-1.39,-1.39,-1.41,-1.41,-1.44,-1.47,-1.47,-1.47,-1.49,-1.49,-1.52,-1.52,-1.52,-1.52,-1.52,-1.54,-1.54,-1.54,-1.54,-1.54,-1.54,-1.54,-1.54,-1.57,-1.62,-1.65,-1.65,-1.65,-1.65,-1.67,-1.67,-1.7,-1.7,-1.7,-1.7,-1.73,-1.73,-1.75,-1.75,-1.78,-1.78,-1.8,-1.8,-1.83,-1.86,-1.86,-1.88,-1.91,-1.93,-2.09,-2.18,-3.07,-3.77,-4.63,-5.37,-5.72,-5.6,-5.33,-5.13,-4.32,-3.19,-2.26,-1.09,-0.04,0.97,1.79,1.98,1.94
3.15,3.2,3.2,3.0,3.0,2.75,2.65,2.6,2.6,2.25,2.15,2.05,1.95,1.85,1.75,1.65,1.25,1.15,0.65,0.55,0.05,-0.2,-0.2,-0.35,-0.75,-1.1,-1.1,-1.15,-1.65,-1.9,-1.9,-2.0,-2.0,-2.2,-2.2,-2.3,-2.3,-2.5,-2.5,-2.6,-2.6,-2.7,-2.7,-2.9,-2.9,-3.0,-3.0,-3.1,-3.1,-3.2,-3.2,-3.05,-3.05,-3.1,-3.1,-3.0,-3.0,-2.7,-2.7,-2.45,-2.35,-1.95,-1.85,-1.65,-1.55,-1.45,-1.35,-1.25,-1.05,-0.95,-0.65,-0.55,-0.45,-0.35,0.25,0.55,0.95,1.3,1.3,1.35,1.75,2.2,2.2,2.3,2.3,2.5,2.5,2.6,2.6,2.7,2.7,2.9,2.9,3.0,3.0,3.1,3.1,3.05,3.05,3.1,3.1,3.2,3.2,3.15,3.15
4.25,4.3,4.3,4.2,4.2,3.95,3.85,3.8,3.8,3.4,3.4,3.3,3.3,2.65,2.55,2.35,2.25,2.15,2.05,1.85,1.65,1.55,-0.15,-0.35,-0.75,-1.1,-1.1,-1.3,-1.3,-1.35,-1.45,-1.55,-1.65,-2.0,-2.0,-2.1,-2.1,-2.2,-2.2,-2.25,-2.35,-2.6,-2.6,-2.7,-2.7,-2.8,-2.8,-2.9,-2.9,-3.0,-3.0,-3.1,-3.1,-3.2,-3.2,-3.1,-3.1,-2.7,-2.7,-2.35,-2.15,-2.05,-1.95,-1.85,-1.65,-1.55,-1.15,-0.85,-0.75,-0.7,-0.7,-0.45,-0.35,-0.25,-0.05,0.15,0.35,0.45,1.55,1.65,2.05,2.5,2.5,2.55,2.65,2.75,2.85,3.1,3.1,3.2,3.2,3.4,3.4,3.45,3.55,3.8,3.8,3.9,3.9,4.0,4.0,4.1,4.1,4.2,4.2,4.25
3.15,3.2,3.2,3.1,3.1,2.85,2.75,2.7,2.7,2.35,2.25,2.2,2.2,1.95,1.75,1.45,1.05,0.95,-0.45,-0.55,-0.95,-1.05,-1.45,-1.65,-1.95,-2.2,-2.2,-2.25,-2.45,-2.7,-2.7,-2.75,-2.95,-3.2,-3.2,-3.25,-3.35,-3.6,-3.6,-3.7,-3.7,-3.6,-3.6,-3.35,-3.25,-3.2,-3.2,-2.95,-2.75,-2.45,-2.05,-1.95,-1.05,-0.95,-0.55,-0.45,-0.05,0.25,0.45,0.75,0.95,1.15,1.45,1.65,1.95,2.25,2.35,2.7,2.7,2.75,2.85,3.1,3.1,3.15
4.25,4.3,4.3,4.0,4.0,3.75,3.65,3.6,3.6,3.3,3.3,3.0,3.0,2.75,2.65,2.6,2.6,2.35,2.25,2.2,2.2,1.95,1.75,1.65,1.55,1.45,1.35,1.25,0.95,0.85,0.65,0.55,0.25,0.15,-0.45,-0.55,-1.45,-1.7,-1.7,-1.8,-1.8,-1.85,-2.05,-2.4,-2.4,-2.5,-2.5,-2.55,-2.85,-3.2,-3.2,-3.3,-3.3,-3.4,-3.4,-3.5,-3.5,-3.6,-3.6,-3.7,-3.7,-3.8,-3.8,-3.9,-3.9,-3.6,-3.6,-3.4,-3.4,-3.1,-3.1,-2.8,-2.8,-2.9,-2.9,-2.6,-2.6,-2.3,-2.3,-1.65,-1.55,-1.45,-0.85,-0.75,-0.35,-0.25,0.25,0.55,0.85,1.05,1.45,1.75,2.05,2.25,2.55,2.9,2.9,3.0,3.0,3.1,3.1,3.2,3.2,3.3,3.3,3.4,3.4,3.5,3.5,3.6,3.6,3.7,3.7,3.8,3.8,3.9,3.9,4.0,4.0,4.1,4.1,4.2,4.2,4.25
-0.66,-0.68,-0.73,-0.76,-0.8,-0.86,-0.91,-0.98,-1.05,-1.06,-1.13,-1.15,-1.21,-1.23,-1.26,-1.31,-1.41,-1.48,-1.53,-1.53,-1.56,-1.61,-1.65,-1.7,-1.71,-1.76,-1.78,-1.78,-1.81,-1.83,-1.83,-1.88,-1.88,-1.88,-1.89,-1.91,-1.93,-1.94,-1.96,-1.98,-1.98,-2.01,-2.02,-2.06,-2.06,-2.09,-2.11,-2.12,-2.14,-2.15,-2.17,-2.2,-2.2,-2.22,-2.23,-2.25,-2.27,-2.28,-2.3,-2.33,-2.33,-2.35,-2.35,-2.36,-2.38,-2.4,-2.43,-2.43,-2.45,-2.45,-2.45,-2.45,-2.46,-2.46,-2.48,-2.48,-2.49,-2.49,-2.49,-2.49,-2.49,-2.49,-2.48,-2.48,-2.48,-2.46,-2.46,-2.46,-2.43,-2.43,-2.4,-2.4,-2.38,-2.36,-2.35,-2.33,-2.32,-2.3,-2.3,-2.27,-2.25,-2.23,-2.23,-2.2,-2.2,-2.17,-2.14,-2.11,-2.07,-2.06,-2.02,-2.02,-2.01,-1.99,-1.98,-1.94,-1.93,-1.91,-1.88,-1.88,-1.85,-1.83,-1.81,-1.78,-1.77,-1.76,-1.73,-1.7,-1.68,-1.66,-1.65,-1.61,-1.63,-1.6,-1.58,-1.55,-1.53,-1.51,-1.48,-1.43,-1.38,-1.33,-1.3,-1.28,-1.25,-1.23,-1.21,-1.15,-1.1,-1.06,-1.06,-1.01,-0.96,-0.95,-0.88,-0.85,-0.78,-0.73,-0.71,-0.68,-0.61,-0.57,-0.55,-0.48,-0.4,-0.35,-0.27,-0.22,-0.2,-0.15,-0.13,-0.07,-0.05,0.02,0.08,0.18,0.2,0.28,0.3,0.37,0.43,0.45,0.58,0.7,0.78,0.8,0.91,1.0,1.01,1.06,1.08,1.1,1.12,1.15,1.18,1.2,1.21,1.26,1.26,1.3,1.33,1.34,1.41,1.43,1.44,1.46,1.46,1.49,1.54,1.55,1.6,1.62,1.64,1.64,1.68,1.72,1.73,1.77,1.78,1.78,1.8,1.8,1.81,1.83,1.85,1.86,1.88,1.89,1.91,1.91,1.93,1.93,1.94,1.96,1.98,1.98,1.98,1.98,2.01,2.01,2.01,2.02,2.02,2.02,2.02,2.02,2.02,2.02,2.02,2.02,2.02,2.02,2.02,2.02,2.02,2.02,2.01,1.98,1.96,1.96,1.94,1.94,1.93,1.91,1.89,1.89,1.88,1.85,1.85,1.8,1.78,1.73,1.68,1.65,1.64,1.6,1.57,1.55,1.54,1.54,1.51,1.5,1.5,1.46,1.45,1.43,1.4,1.35,1.31,1.28,1.25,1.21,1.23,1.01,1.0,1.0,0.98,0.88,0.86,0.76,0.7,0.68,0.66,0.6,0.58,0.48,0.47,0.35,0.27,0.25,0.2,0.18,0.15,0.13,0.1,0.08,0.02,-0.03,-0.05,-0.13,-0.15,-0.22,-0.3,-0.37,-0.47,-0.55,-0.61,-0.66
3.65,3.7,3.7,3.6,3.6,3.5,3.5,3.2,3.2,3.1,3.1,2.65,2.55,2.45,2.15,2.05,0.95,0.85,0.45,0.35,0.15,0.05,-1.05,-1.15,-1.55,-1.65,-1.75,-1.95,-2.05,-2.15,-2.55,-2.65,-2.95,-3.05,-3.15,-3.6,-3.6,-3.7,-3.7,-4.1,-4.1,-4.2,-4.2,-4.1,-4.1,-4.0,-4.0,-3.7,-3.7,-3.6,-3.6,-3.2,-3.2,-3.1,-3.1,-2.75,-2.65,-2.55,-2.45,-2.2,-2.2,-2.1,-2.1,-1.75,-1.65,-1.55,-1.35,-1.25,-1.15,-1.05,0.05,0.15,0.25,0.35,0.55,0.65,0.75,1.1,1.1,1.2,1.2,1.6,1.6,1.7,1.7,1.95,2.05,2.15,2.25,2.6,2.6,2.7,2.7,3.1,3.1,3.2,3.2,3.5,3.5,3.6,3.6,3.65
-1.61,-0.09,1.41,2.33,3.3,4.16,4.78,4.93,4.96,4.98,4.91,4.54,4.05,3.3,2.4,1.37,0.2,-0.46,-1.48,-2.18,-3.08,-3.61,-4.43,-4.93,-5.11,-4.67,-3.99,-2.86,-1.65,-1.61
2.07,2.07,2.07,2.09,2.09,2.12,2.12,2.12,2.14,2.14,2.14,2.14,2.14,2.14,2.14,2.14,2.14,2.14,2.14,2.14,2.14,2.14,2.14,2.14,2.14,2.14,2.14,2.12,2.12,2.12,2.09,2.09,2.07,2.07,2.05,2.05,2.03,2.0,1.98,1.98,1.96,1.96,1.93,1.93,1.91,1.89,1.86,1.86,1.86,1.84,1.84,1.82,1.79,1.79,1.79,1.77,1.77,1.75,1.75,1.72,1.72,1.7,1.7,1.65,1.65,1.63,1.63,1.61,1.61,1.5,1.21,0.88,0.52,0.25,-0.08,-0.46,-0.71,-1.08,-1.41,-1.75,-2.25,-2.48,-2.73,-2.85,-2.85,-2.68,-2.48,-1.93,-1.31,-1.23,-1.21,-1.19,-1.19,-1.19,-1.16,-1.14,-1.12,-1.12,-1.09,-1.09,-1.07,-1.07,-1.05,-1.05,-1.02,-1.0,-1.0,-0.98,-0.95,-0.93,-0.93,-0.91,-0.88,-0.86,-0.84,-0.84,-0.81,-0.79,-0.77,-0.74,-0.72,-0.72,-0.7,-0.68,-0.68,-0.65,-0.63,-0.61,-0.58,-0.56,-0.56,-0.54,-0.51,-0.49,-0.47,-0.44,-0.44,-0.42,-0.4,-0.4,-0.37,-0.35,-0.33,-0.3,-0.28,-0.26,-0.23,-0.21,-0.19,-0.16,-0.14,-0.12,-0.09,-0.07,-0.05,-0.02,0.0,0.02,0.05,0.07,0.09,0.09,0.12,0.14,0.16,0.19,0.21,0.26,0.26,0.28,0.3,0.33,0.35,0.35,0.37,0.4,0.42,0.44,0.47,0.47,0.49,0.51,0.54,0.56,0.58,0.61,0.63,0.65,0.68,0.68,0.7,0.7,0.72,0.74,0.77,0.79,0.81,0.81,0.84,0.86,0.88,0.91,0.93,0.95,0.95,0.98,1.0,1.0,1.02,1.07,1.07,1.09,1.09,1.14,1.16,1.16,1.16,1.19,1.21,1.23,1.23,1.26,1.26,1.28,1.28,1.3,1.3,1.33,1.33,1.35,1.35,1.37,1.4,1.4,1.42,1.42,1.42,1.44,1.44,1.47,1.49,1.49,1.49,1.51,1.54,1.56,1.56,1.58,1.58,1.61,1.63,1.65,1.65,1.68,1.68,1.7,1.72,1.72,1.75,1.75,1.77,1.77,1.79,1.79,1.82,1.82,1.84,1.84,1.84,1.86,1.86,1.89,1.89,1.91,1.91,1.91,1.93,1.93,1.93,1.96,1.98,1.98,1.98,1.98,2.0,2.0,2.03,2.05,2.05,2.05,2.07
3.95,4.0,4.0,3.9,3.9,3.55,3.45,3.35,3.05,2.95,2.55,2.45,2.05,1.95,1.75,1.65,1.55,1.45,1.35,1.15,1.05,0.95,0.85,0.65,0.55,0.45,0.25,0.15,0.05,-0.05,-0.25,-0.35,-0.45,-0.55,-1.45,-1.55,-1.65,-1.85,-1.95,-2.05,-2.15,-2.25,-2.45,-2.55,-2.65,-2.9,-2.9,-3.05,-3.15,-3.55,-3.95,-4.05,-4.15,-4.4,-4.4,-4.5,-4.5,-4.4,-4.4,-4.15,-4.05,-4.0,-4.0,-3.9,-3.9,-3.65,-3.55,-3.45,-3.35,-3.15,-3.05,-2.65,-2.55,-2.45,-1.55,-1.45,-0.55,-0.45,-0.35,-0.25,-0.05,0.05,0.45,0.55,0.65,1.05,1.15,1.25,1.45,1.55,1.65,1.9,1.9,2.0,2.0,2.05,2.15,2.4,2.4,2.5,2.5,2.55,2.65,2.95,3.35,3.45,3.55,3.9,3.9,3.95
-7.0,-4.22,-1.72,1.22,3.2,4.7,6.01,5.76,4.7,3.71,2.27,0.51,-2.18,-4.1,-5.82,-7.29,-7.67,-7.19,-6.94,-7.0
5.75,5.8,5.8,5.6,5.6,5.5,5.5,5.4,5.4,5.3,5.3,5.2,5.2,5.0,5.0,4.9,4.9,4.7,4.7,4.6,4.6,4.5,4.5,4.35,4.05,4.0,4.0,3.85,3.75,3.45,3.35,3.15,3.05,2.85,2.75,2.65,2.45,2.35,2.25,2.15,1.95,1.75,1.55,1.25,1.15,1.1,1.1,1.0,0.9,0.75,0.55,0.35,-0.05,-0.15,-0.55,-0.75,-1.15,-1.25,-1.45,-1.75,-1.85,-2.05,-2.15,-2.2,-2.2,-2.55,-2.65,-2.8,-2.8,-2.85,-2.95,-3.05,-3.15,-3.25,-3.35,-3.4,-3.4,-3.55,-3.65,-3.95,-4.15,-4.3,-4.3,-4.55,-4.65,-4.7,-4.7,-4.8,-4.8,-4.85,-4.95,-5.2,-5.2,-5.3,-5.3,-5.4,-5.4,-5.6,-5.6,-5.7,-5.7,-5.6,-5.6,-5.7,-5.7,-5.8,-5.8,-5.7,-5.7,-5.6,-5.6,-5.5,-5.5,-5.3,-5.3,-5.1,-5.1,-4.7,-4.7,-3.85,-3.75,-3.55,-3.45,-3.25,-3.05,-2.85,-2.65,-2.55,-2.35,-2.25,-2.05,-1.95,-1.85,-1.75,-1.35,-1.3,-1.2,-1.05,-0.85,-0.75,0.15,0.25,0.55,0.65,0.75,0.95,1.25,1.4,1.4,1.45,1.65,1.75,2.25,2.55,2.75,2.85,2.95,3.25,3.35,3.45,3.55,3.65,3.75,4.05,4.15,4.3,4.3,4.5,4.5,4.55,4.65,4.8,4.8,4.9,4.9,5.1,5.1,5.2,5.2,5.3,5.3,5.5,5.5,5.6,5.6,5.7,5.7,5.75
4.25,4.3,4.3,4.2,4.2,3.95,3.85,3.8,3.8,3.4,3.4,3.3,3.3,2.65,2.55,2.35,2.25,2.15,2.05,1.85,1.65,1.55,-0.15,-0.35,-0.75,-1.1,-1.1,-1.3,-1.3,-1.35,-1.45,-1.55,-1.65,-2.0,-2.0,-2.1,-2.1,-2.2,-2.2,-2.25,-2.35,-2.6,-2.6,-2.7,-2.7,-2.8,-2.8,-2.9,-2.9,-3.0,-3.0,-3.1,-3.1,-3.2,-3.2,-3.1,-3.1,-2.7,-2.7,-2.35,-2.15,-2.05,-1.95,-1.85,-1.65,-1.55,-1.15,-0.85,-0.75,-0.7,-0.7,-0.45,-0.35,-0.25,-0.05,0.15,0.35,0.45,1.55,1.65,2.05,2.5,2.5,2.55,2.65,2.75,2.85,3.1,3.1,3.2,3.2,3.4,3.4,3.45,3.55,3.8,3.8,3.9,3.9,4.0,4.0,4.1,4.1,4.2,4.2,4.25
5.05,5.1,5.1,5.0,5.0,4.9,4.9,4.8,4.8,4.6,4.6,4.05,3.85,3.75,3.65,3.55,3.45,3.3,3.3,2.75,2.65,2.55,2.25,2.05,1.95,1.75,1.65,1.55,1.35,1.25,0.95,0.85,0.75,0.65,0.25,0.15,0.05,-0.05,-1.05,-1.15,-1.75,-1.85,-2.55,-2.65,-2.95,-3.05,-3.15,-3.25,-3.55,-3.65,-3.85,-3.95,-4.05,-4.15,-4.25,-4.5,-4.5,-4.6,-4.6,-4.8,-4.8,-4.9,-4.9,-5.0,-5.0,-4.9,-4.9,-4.6,-4.6,-3.9,-3.9,-3.8,-3.8,-3.5,-3.5,-3.25,-3.15,-2.95,-2.85,-2.75,-2.35,-2.25,-1.85,-1.75,-1.55,-1.45,-1.15,-1.05,2.15,2.25,2.65,2.75,2.95,3.05,3.25,3.35,3.45,4.5,4.5,4.8,4.8,4.9,4.9,5.0,5.0,5.05
4.25,4.3,4.3,4.0,4.0,3.75,3.65,3.6,3.6,3.3,3.3,3.0,3.0,2.75,2.65,2.6,2.6,2.35,2.25,2.2,2.2,1.95,1.75,1.65,1.55,1.45,1.35,1.25,0.95,0.85,0.65,0.55,0.25,0.15,-0.45,-0.55,-1.45,-1.7,-1.7,-1.8,-1.8,-1.85,-2.05,-2.4,-2.4,-2.5,-2.5,-2.55,-2.85,-3.2,-3.2,-3.3,-3.3,-3.4,-3.4,-3.5,-3.5,-3.6,-3.6,-3.7,-3.7,-3.8,-3.8,-3.9,-3.9,-3.6,-3.6,-3.4,-3.4,-3.1,-3.1,-2.8,-2.8,-2.9,-2.9,-2.6,-2.6,-2.3,-2.3,-1.65,-1.55,-1.45,-0.85,-0.75,-0.35,-0.25,0.25,0.55,0.85,1.05,1.45,1.75,2.05,2.25,2.55,2.9,2.9,3.0,3.0,3.1,3.1,3.2,3.2,3.3,3.3,3.4,3.4,3.5,3.5,3.6,3.6,3.7,3.7,3.8,3.8,3.9,3.9,4.0,4.0,4.1,4.1,4.2,4.2,4.25
-0.66,-0.68,-0.73,-0.76,-0.8,-0.86,-0.91,-0.98,-1.05,-1.06,-1.13,-1.15,-1.21,-1.23,-1.26,-1.31,-1.41,-1.48,-1.53,-1.53,-1.56,-1.61,-1.65,-1.7,-1.71,-1.76,-1.78,-1.78,-1.81,-1.83,-1.83,-1.88,-1.88,-1.88,-1.89,-1.91,-1.93,-1.94,-1.96,-1.98,-1.98,-2.01,-2.02,-2.06,-2.06,-2.09,-2.11,-2.12,-2.14,-2.15,-2.17,-2.2,-2.2,-2.22,-2.23,-2.25,-2.27,-2.28,-2.3,-2.33,-2.33,-2.35,-2.35,-2.36,-2.38,-2.4,-2.43,-2.43,-2.45,-2.45,-2.45,-2.45,-2.46,-2.46,-2.48,-2.48,-2.49,-2.49,-2.49,-2.49,-2.49,-2.49,-2.48,-2.48,-2.48,-2.46,-2.46,-2.46,-2.43,-2.43,-2.4,-2.4,-2.38,-2.36,-2.35,-2.33,-2.32,-2.3,-2.3,-2.27,-2.25,-2.23,-2.23,-2.2,-2.2,-2.17,-2.14,-2.11,-2.07,-2.06,-2.02,-2.02,-2.01,-1.99,-1.98,-1.94,-1.93,-1.91,-1.88,-1.88,-1.85,-1.83,-1.81,-1.78,-1.77,-1.76,-1.73,-1.7,-1.68,-1.66,-1.65,-1.61,-1.63,-1.6,-1.58,-1.55,-1.53,-1.51,-1.48,-1.43,-1.38,-1.33,-1.3,-1.28,-1.25,-1.23,-1.21,-1.15,-1.1,-1.06,-1.06,-1.01,-0.96,-0.95,-0.88,-0.85,-0.78,-0.73,-0.71,-0.68,-0.61,-0.57,-0.55,-0.48,-0.4,-0.35,-0.27,-0.22,-0.2,-0.15,-0.13,-0.07,-0.05,0.02,0.08,0.18,0.2,0.28,0.3,0.37,0.43,0.45,0.58,0.7,0.78,0.8,0.91,1.0,1.01,1.06,1.08,1.1,1.12,1.15,1.18,1.2,1.21,1.26,1.26,1.3,1.33,1.34,1.41,1.43,1.44,1.46,1.46,1.49,1.54,1.55,1.6,1.62,1.64,1.64,1.68,1.72,1.73,1.77,1.78,1.78,1.8,1.8,1.81,1.83,1.85,1.86,1.88,1.89,1.91,1.91,1.93,1.93,1.94,1.96,1.98,1.98,1.98,1.98,2.01,2.01,2.01,2.02,2.02,2.02,2.02,2.02,2.02,2.02,2.02,2.02,2.02,2.02,2.02,2.02,2.02,2.02,2.01,1.98,1.96,1.96,1.94,1.94,1.93,1.91,1.89,1.89,1.88,1.85,1.85,1.8,1.78,1.73,1.68,1.65,1.64,1.6,1.57,1.55,1.54,1.54,1.51,1.5,1.5,1.46,1.45,1.43,1.4,1.35,1.31,1.28,1.25,1.21,1.23,1.01,1.0,1.0,0.98,0.88,0.86,0.76,0.7,0.68,0.66,0.6,0.58,0.48,0.47,0.35,0.27,0.25,0.2,0.18,0.15,0.13,0.1,0.08,0.02,-0.03,-0.05,-0.13,-0.15,-0.22,-0.3,-0.37,-0.47,-0.55,-0.61,-0.66
2.84,2.81,2.64,2.58,2.55,2.49,2.46,2.43,2.34,2.28,2.17,2.08,1.9,1.82,1.7,1.61,1.55,1.52,1.43,1.41,1.29,1.11,1.02,0.97,0.85,0.79,0.67,0.53,0.47,0.38,0.29,0.23,0.2,0.18,0.09,0.06,0.03,-0.03,-0.06,-0.12,-0.23,-0.23,-0.29,-0.32,-0.41,-0.47,-0.56,-0.67,-0.76,-0.88,-0.97,-1.02,-1.08,-1.14,-1.23,-1.26,-1.29,-1.32,-1.38,-1.46,-1.55,-1.58,-1.67,-1.7,-1.82,-1.93,-2.08,-2.2,-2.28,-2.37,-2.43,-2.49,-2.49,-2.55,-2.55,-2.64,-2.64,-2.69,-2.72,-2.72,-2.75,-2.81,-2.81,-2.84,-2.84,-2.87,-2.9,-2.96,-3.02,-3.05,-3.07,-3.13,-3.13,-3.16,-3.19,-3.22,-3.25,-3.25,-3.28,-3.28,-3.28,-3.25,-3.25,-3.25,-3.25,-3.25,-3.16,-3.16,-3.16,-3.16,-3.16,-3.16,-3.16,-3.16,-3.16,-3.16,-3.16,-3.16,-3.16,-3.1,-3.07,-3.05,-3.02,-2.99,-2.93,-2.84,-2.81,-2.72,-2.61,-2.46,-2.34,-2.25,-2.23,-2.14,-2.05,-1.93,-1.9,-1.82,-1.73,-1.64,-1.52,-1.43,-1.41,-1.32,-0.64,-0.0,0.7,1.82,2.4,2.43,2.46,2.49,2.58,2.61,2.66,2.69,2.72,2.78,2.81,2.87,2.93,2.99,3.02,3.07,3.16,3.25,3.25,3.31,3.4,3.46,3.51,3.54,3.6,3.63,3.66,3.69,3.69,3.72,3.72,3.72,3.75,3.75,3.78,3.78,3.81,3.81,3.84,3.84,3.87,3.87,3.87,3.87,3.84,3.78,3.75,3.72,3.66,3.63,3.54,3.51,3.46,3.37,3.34,3.31,3.25,3.19,3.1,3.05,2.93,2.84,2.84
3.85,3.9,3.9,3.8,3.8,3.4,3.4,3.3,3.3,2.95,2.85,2.75,2.65,2.45,2.35,2.25,1.85,1.75,1.35,1.25,0.85,0.75,-0.75,-0.85,-1.25,-1.35,-2.25,-2.35,-2.45,-2.65,-2.75,-2.85,-2.95,-3.3,-3.3,-3.4,-3.4,-3.8,-3.8,-3.9,-3.9,-3.8,-3.8,-3.5,-3.5,-3.4,-3.4,-3.3,-3.3,-2.95,-2.85,-2.75,-2.55,-2.45,-2.35,-2.25,-1.85,-1.75,-1.35,-1.25,-0.85,-0.75,0.25,0.35,0.75,0.85,0.95,1.05,1.25,1.35,1.45,1.55,1.75,1.85,1.95,2.05,2.25,2.35,2.45,2.65,2.75,2.85,2.95,3.3,3.3,3.4,3.4,3.8,3.8,3.85
3.67,3.65,3.06,2.87,2.07,2.02,1.98,1.95,1.93,1.91,1.88,1.84,1.81,1.77,1.74,1.67,1.65,1.62,1.6,1.58,1.55,1.51,1.51,1.48,1.44,1.41,1.37,1.34,1.27,1.27,1.22,1.2,1.18,1.13,1.08,1.06,1.04,1.01,0.94,0.89,0.87,0.82,0.8,0.78,0.75,0.71,0.68,0.61,0.57,0.54,0.47,0.45,0.38,0.33,0.31,0.26,0.21,0.19,0.16,0.14,0.12,0.09,0.05,0.02,-0.05,-0.05,-0.07,-0.09,-0.14,-0.21,-0.24,-0.26,-0.28,-0.31,-0.35,-0.4,-0.45,-0.49,-0.54,-0.59,-0.64,-0.71,-0.78,-0.85,-0.87,-0.94,-0.97,-0.99,-1.01,-1.08,-1.11,-1.2,-1.22,-1.27,-1.34,-1.37,-1.41,-1.48,-1.51,-1.55,-1.6,-1.62,-1.65,-1.67,-1.72,-1.74,-1.81,-1.84,-1.91,-2.0,-2.07,-2.1,-2.21,-2.28,-2.35,-2.4,-2.47,-2.57,-2.64,-2.66,-2.68,-2.78,-2.9,-3.01,-3.08,-3.2,-3.3,-3.34,-3.46,-3.48,-3.51,-3.63,-3.63,-3.7,-3.72,-3.91,-3.96,-3.98,-4.0,-4.07,-4.1,-4.17,-4.19,-4.21,-4.24,-4.24,-4.24,-4.29,-4.3,-4.2,-4.2,-4.1,-4.1,-3.25,-3.15,-3.05,-2.95,-2.85,-2.55,-2.4,-2.4,-1.95,-1.85,-1.75,-1.65,-1.35,-1.25,-1.15,0.05,0.15,0.25,0.45,0.75,0.85,0.95,1.05,1.15,1.25,1.35,2.4,2.4,2.5,2.5,2.6,2.6,2.8,2.8,2.9,2.9,3.0,3.0,3.6,3.6,3.7,3.67
1.71,2.95,3.67,3.85,4.11,4.22,4.02,3.41,2.69,2.2,1.59,0.87,0.17,-1.16,-2.14,-3.01,-3.64,-4.05,-3.99,-3.24,-2.49,-2.28,-2.05,-1.21,-0.4,0.26,0.95,1.68,1.71
5.0,5.11,5.08,5.0,4.82,4.31,3.44,2.33,1.33,0.57,-0.15,-0.89,-1.97,-2.81,-3.37,-3.87,-4.26,-4.55,-4.68,-5.0,-5.0,-4.96,-5.0,-4.71,-3.03,-3.0,-2.69,-1.79,-0.96,-0.91,-0.89,-0.86,-0.84,-0.81,0.45,1.75,2.62,2.89,4.25,5.03,5.0
2.07,2.07,2.07,2.09,2.09,2.12,2.12,2.12,2.14,2.14,2.14,2.14,2.14,2.14,2.14,2.14,2.14,2.14,2.14,2.14,2.14,2.14,2.14,2.14,2.14,2.14,2.14,2.12,2.12,2.12,2.09,2.09,2.07,2.07,2.05,2.05,2.03,2.0,1.98,1.98,1.96,1.96,1.93,1.93,1.91,1.89,1.86,1.86,1.86,1.84,1.84,1.82,1.79,1.79,1.79,1.77,1.77,1.75,1.75,1.72,1.72,1.7,1.7,1.65,1.65,1.63,1.63,1.61,1.61,1.5,1.21,0.88,0.52,0.25,-0.08,-0.46,-0.71,-1.08,-1.41,-1.75,-2.25,-2.48,-2.73,-2.85,-2.85,-2.68,-2.48,-1.93,-1.31,-1.23,-1.21,-1.19,-1.19,-1.19,-1.16,-1.14,-1.12,-1.12,-1.09,-1.09,-1.07,-1.07,-1.05,-1.05,-1.02,-1.0,-1.0,-0.98,-0.95,-0.93,-0.93,-0.91,-0.88,-0.86,-0.84,-0.84,-0.81,-0.79,-0.77,-0.74,-0.72,-0.72,-0.7,-0.68,-0.68,-0.65,-0.63,-0.61,-0.58,-0.56,-0.56,-0.54,-0.51,-0.49,-0.47,-0.44,-0.44,-0.42,-0.4,-0.4,-0.37,-0.35,-0.33,-0.3,-0.28,-0.26,-0.23,-0.21,-0.19,-0.16,-0.14,-0.12,-0.09,-0.07,-0.05,-0.02,0.0,0.02,0.05,0.07,0.09,0.09,0.12,0.14,0.16,0.19,0.21,0.26,0.26,0.28,0.3,0.33,0.35,0.35,0.37,0.4,0.42,0.44,0.47,0.47,0.49,0.51,0.54,0.56,0.58,0.61,0.63,0.65,0.68,0.68,0.7,0.7,0.72,0.74,0.77,0.79,0.81,0.81,0.84,0.86,0.88,0.91,0.93,0.95,0.95,0.98,1.0,1.0,1.02,1.07,1.07,1.09,1.09,1.14,1.16,1.16,1.16,1.19,1.21,1.23,1.23,1.26,1.26,1.28,1.28,1.3,1.3,1.33,1.33,1.35,1.35,1.37,1.4,1.4,1.42,1.42,1.42,1.44,1.44,1.47,1.49,1.49,1.49,1.51,1.54,1.56,1.56,1.58,1.58,1.61,1.63,1.65,1.65,1.68,1.68,1.7,1.72,1.72,1.75,1.75,1.77,1.77,1.79,1.79,1.82,1.82,1.84,1.84,1.84,1.86,1.86,1.89,1.89,1.91,1.91,1.91,1.93,1.93,1.93,1.96,1.98,1.98,1.98,1.98,2.0,2.0,2.03,2.05,2.05,2.05,2.07
4.25,4.3,4.3,4.2,4.2,3.95,3.85,3.8,3.8,3.4,3.4,3.3,3.3,2.65,2.55,2.35,2.25,2.15,2.05,1.85,1.65,1.55,-0.15,-0.35,-0.75,-1.1,-1.1,-1.3,-1.3,-1.35,-1.45,-1.55,-1.65,-2.0,-2.0,-2.1,-2.1,-2.2,-2.2,-2.25,-2.35,-2.6,-2.6,-2.7,-2.7,-2.8,-2.8,-2.9,-2.9,-3.0,-3.0,-3.1,-3.1,-3.2,-3.2,-3.1,-3.1,-2.7,-2.7,-2.35,-2.15,-2.05,-1.95,-1.85,-1.65,-1.55,-1.15,-0.85,-0.75,-0.7,-0.7,-0.45,-0.35,-0.25,-0.05,0.15,0.35,0.45,1.55,1.65,2.05,2.5,2.5,2.55,2.65,2.75,2.85,3.1,3.1,3.2,3.2,3.4,3.4,3.45,3.55,3.8,3.8,3.9,3.9,4.0,4.0,4.1,4.1,4.2,4.2,4.25
5.05,5.1,5.1,5.0,5.0,4.9,4.9,4.8,4.8,4.6,4.6,4.05,3.85,3.75,3.65,3.55,3.45,3.3,3.3,2.75,2.65,2.55,2.25,2.05,1.95,1.75,1.65,1.55,1.35,1.25,0.95,0.85,0.75,0.65,0.25,0.15,0.05,-0.05,-1.05,-1.15,-1.75,-1.85,-2.55,-2.65,-2.95,-3.05,-3.15,-3.25,-3.55,-3.65,-3.85,-3.95,-4.05,-4.15,-4.25,-4.5,-4.5,-4.6,-4.6,-4.8,-4.8,-4.9,-4.9,-5.0,-5.0,-4.9,-4.9,-4.6,-4.6,-3.9,-3.9,-3.8,-3.8,-3.5,-3.5,-3.25,-3.15,-2.95,-2.85,-2.75,-2.35,-2.25,-1.85,-1.75,-1.55,-1.45,-1.15,-1.05,2.15,2.25,2.65,2.75,2.95,3.05,3.25,3.35,3.45,4.5,4.5,4.8,4.8,4.9,4.9,5.0,5.0,5.05
4.85,4.9,4.9,4.8,4.8,4.7,4.7,4.6,4.6,4.45,4.35,4.25,3.25,3.15,2.85,2.75,2.65,2.45,2.35,2.25,2.15,1.85,1.75,1.65,1.45,1.35,1.25,1.15,0.95,0.85,0.75,0.65,-0.05,-0.15,-0.45,-0.55,-0.65,-0.75,-0.85,-0.95,-1.05,-1.25,-2.85,-2.95,-3.35,-3.45,-3.55,-3.7,-3.7,-3.8,-3.8,-3.7,-3.7,-3.6,-3.6,-3.35,-3.25,-3.0,-3.0,-2.75,-2.65,-2.55,-2.25,-2.15,-1.65,-1.55,-1.15,-1.05,1.35,1.45,1.65,1.75,1.85,1.95,2.75,2.85,2.95,3.2,3.2,3.25,3.35,3.45,3.55,3.65,3.85,3.95,4.35,4.45,4.55,4.7,4.7,4.8,4.8,4.85
4.35,4.4,4.4,4.3,4.3,4.2,4.2,4.0,4.0,3.9,3.9,3.8,3.8,3.45,3.25,2.95,2.85,2.75,2.55,2.35,2.05,1.35,1.15,0.95,0.85,0.75,0.55,0.35,-0.05,-0.15,-1.05,-1.25,-1.55,-1.75,-2.05,-2.15,-2.65,-2.95,-3.15,-3.4,-3.4,-3.5,-3.5,-3.9,-3.9,-4.0,-4.0,-3.9,-3.9,-3.5,-3.5,-3.4,-3.4,-3.3,-3.3,-3.05,-2.95,-2.85,-2.65,-2.35,-2.25,-2.15,-2.05,-1.85,-1.75,-1.65,-0.45,-0.15,1.75,1.95,2.25,2.55,2.75,3.05,3.25,3.45,3.55,4.0,4.0,4.1,4.1,4.3,4.3,4.35
4.25,4.3,4.3,4.2,4.2,3.8,3.8,3.7,3.7,3.25,3.15,3.05,2.65,2.55,1.35,1.25,1.15,1.05,-0.05,-0.15,-0.25,-0.3,-0.4,-0.45,-1.55,-1.65,-2.05,-2.15,-2.55,-2.65,-2.75,-3.2,-3.2,-3.3,-3.3,-3.7,-3.7,-3.8,-3.8,-3.7,-3.7,-3.3,-3.3,-3.2,-3.2,-2.75,-2.65,-2.25,-2.15,-2.05,-1.65,-1.55,0.55,0.65,1.05,1.15,2.55,2.65,3.05,3.15,3.25,3.7,3.7,3.8,3.8,4.2,4.2,4.25
7.95,8.0,8.0,7.75,7.55,7.5,7.5,7.25,7.15,7.0,7.0,6.75,6.65,6.6,6.6,6.35,6.15,6.1,6.1,5.85,5.65,5.35,5.15,5.1,5.1,4.85,4.65,4.6,4.6,4.35,4.15,4.1,4.1,3.85,3.65,3.6,3.6,3.35,3.05,2.85,2.55,2.35,2.05,1.85,1.65,1.45,1.15,0.95,0.65,0.45,0.15,-0.05,-0.35,-0.55,-0.65,-0.95,-1.25,-1.45,-1.75,-1.95,-2.85,-3.05,-3.35,-3.65,-3.75,-4.15,-4.25,-4.55,-4.75,-4.95,-5.25,-5.35,-5.75,-5.95,-6.25,-6.5,-6.5,-6.55,-6.65,-6.9,-6.9,-7.0,-7.0,-6.65,-6.55,-6.5,-6.5,-6.25,-5.95,-5.75,-4.85,-4.75,-3.95,-3.85,-2.95,-2.85,-2.45,-2.35,-1.95,-1.85,-1.45,-1.2,-1.2,-1.15,-1.05,-0.8,-0.7,-0.45,-0.15,0.05,0.85,1.05,1.95,2.05,2.25,2.45,2.75,2.95,3.35,3.45,3.85,3.95,4.85,4.95,5.05,5.35,5.65,5.75,6.75,6.85,7.15,7.5,7.5,7.55,7.65,7.9,7.9,7.95
3.85,3.9,3.9,3.8,3.8,3.4,3.4,3.3,3.3,2.95,2.85,2.75,2.65,2.45,2.35,2.25,1.85,1.75,1.35,1.25,0.85,0.75,-0.75,-0.85,-1.25,-1.35,-2.25,-2.35,-2.45,-2.65,-2.75,-2.85,-2.95,-3.3,-3.3,-3.4,-3.4,-3.8,-3.8,-3.9,-3.9,-3.8,-3.8,-3.5,-3.5,-3.4,-3.4,-3.3,-3.3,-2.95,-2.85,-2.75,-2.55,-2.45,-2.35,-2.25,-1.85,-1.75,-1.35,-1.25,-0.85,-0.75,0.25,0.35,0.75,0.85,0.95,1.05,1.25,1.35,1.45,1.55,1.75,1.85,1.95,2.05,2.25,2.35,2.45,2.65,2.75,2.85,2.95,3.3,3.3,3.4,3.4,3.8,3.8,3.85
5.95,6.0,6.0,5.9,5.9,5.8,5.8,5.35,5.25,5.15,5.05,4.85,4.75,4.25,4.15,4.05,3.95,3.75,3.65,3.35,3.25,3.15,1.55,1.35,1.25,1.15,0.75,0.65,0.35,0.25,-0.45,-0.55,-1.55,-1.65,-2.45,-2.55,-3.05,-3.15,-3.25,-3.8,-3.8,-3.9,-3.9,-4.15,-4.25,-4.8,-4.8,-4.9,-4.9,-5.0,-5.0,-5.1,-5.1,-5.2,-5.2,-5.3,-5.3,-5.4,-5.4,-5.3,-5.3,-4.75,-4.65,-4.2,-4.2,-3.75,-3.65,-3.55,-3.45,-3.35,-3.15,-3.05,-2.75,-2.65,-2.45,-2.35,-1.55,-1.45,-1.35,-1.25,-1.15,-1.05,-0.85,-0.75,-0.65,-0.55,-0.35,-0.25,0.25,0.35,0.85,0.95,1.35,1.45,1.85,1.95,2.35,2.45,2.85,2.95,3.05,3.55,3.65,3.85,3.95,4.05,4.15,5.05,5.15,5.6,5.6,5.7,5.7,5.8,5.8,5.9,5.9,5.95
-3.51,-3.55,-3.59,-3.59,-3.59,-3.59,-3.59,-3.59,-3.59,-3.59,-3.59,-3.59,-3.59,-3.59,-3.59,-3.59,-3.59,-3.59,-3.59,-3.59,-3.59,-3.59,-3.59,-3.59,-3.59,-3.59,-3.59,-3.59,-3.59,-3.59,-3.59,-3.59,-3.59,-3.59,-3.59,-3.63,-3.63,-3.63,-3.63,-3.63,-3.63,-3.63,-3.63,-3.63,-3.63,-3.63,-3.63,-3.63,-3.63,-3.63,-3.63,-3.63,-3.63,-3.63,-3.63,-3.63,-3.63,-3.63,-3.63,-3.63,-3.63,-3.63,-3.63,-3.63,-3.63,-3.63,-3.63,-3.63,-3.63,-3.63,-3.63,-3.63,-3.63,-3.63,-3.63,-3.63,-3.62,-3.62,-3.62,-3.6,-3.6,-3.6,-3.6,-3.6,-3.6,-3.6,-3.6,-3.59,-3.57,-3.56,-3.56,-3.54,-3.53,-3.51,-3.5,-3.5,-3.48,-3.47,-3.47,-3.45,-3.42,-3.41,-3.39,-3.36,-3.35,-3.35,-3.33,-3.3,-3.27,-3.24,-3.21,-3.2,-3.17,-3.14,-3.11,-3.1,-3.08,-3.04,-3.01,-2.98,-2.95,-2.9,-2.87,-2.84,-2.81,-2.8,-2.77,-2.75,-2.69,-2.65,-2.63,-2.59,-2.55,-2.53,-2.5,-2.46,-2.44,-2.41,-2.38,-2.35,-2.29,-2.28,-2.23,-2.22,-2.19,-2.17,-2.14,-2.13,-2.1,-2.08,-2.04,-1.99,-1.95,-1.92,-1.88,-1.86,-1.82,-1.76,-1.73,-1.67,-1.67,-1.65,-1.61,-1.59,-1.56,-1.52,-1.47,-1.43,-1.38,-1.35,-1.32,-1.29,-1.27,-1.19,-1.15,-1.12,-1.07,-1.04,-1.0,-0.95,-0.89,-0.85,-0.8,-0.76,-0.74,-0.68,-0.64,-0.61,-0.58,-0.54,-0.49,-0.48,-0.43,-0.42,-0.36,-0.31,-0.28,-0.22,-0.16,-0.1,-0.07,-0.03,0.04,0.09,0.12,0.13,0.16,0.21,0.24,0.27,0.31,0.31,0.36,0.39,0.43,0.48,0.52,0.55,0.61,0.63,0.64,0.68,0.73,0.74,0.77,0.83,0.85,0.88,0.89,0.92,0.98,1.03,1.07,1.09,1.13,1.18,1.21,1.25,1.29,1.31,1.35,1.35,1.4,1.47,1.49,1.53,1.55,1.59,1.62,1.67,1.71,1.73,1.76,1.77,1.8,1.8,1.83,1.85,1.88,1.91,1.96,1.98,2.07,2.07,2.13,2.13,2.19,2.23,2.29,2.32,2.34,2.35,2.4,2.41,2.44,2.46,2.47,2.52,2.56,2.59,2.62,2.66,2.69,2.72,2.74,2.74,2.77,2.78,2.8,2.81,2.81,2.83,2.86,2.86,2.87,2.87,2.87,2.9,2.92,2.95,2.95,2.96,2.98,2.99,3.01,3.04,3.05,3.05,3.08,3.1,3.11,3.13,3.14,3.14,3.14,3.16,3.16,3.16,3.16,3.16,3.36,3.51,3.17,2.3,1.4,0.0,-0.76,-1.59,-2.57,-3.51
3.35,3.4,3.4,3.3,3.3,3.2,3.2,3.1,3.1,2.8,2.8,2.45,2.35,2.25,2.15,1.95,1.85,1.75,1.25,1.15,0.45,0.35,0.05,-0.05,-0.25,-0.55,-0.75,-0.85,-0.95,-1.45,-1.55,-1.65,-1.75,-1.85,-2.25,-2.9,-2.9,-3.4,-3.4,-3.5,-3.5,-3.6,-3.6,-3.7,-3.7,-3.8,-3.8,-3.9,-3.9,-4.0,-4.0,-4.1,-4.1,-4.0,-4.0,-3.7,-3.7,-3.6,-3.6,-2.95,-2.85,-2.75,-2.65,-2.45,-2.25,-2.15,-1.65,-1.55,-1.15,-1.05,-0.85,-0.75,-0.35,-0.25,0.35,0.45,0.85,0.95,1.05,1.15,1.25,1.7,1.7,1.8,1.8,2.2,2.2,2.4,2.4,2.5,2.5,2.6,2.6,2.7,2.7,2.8,2.8,2.9,2.9,3.0,3.0,3.1,3.1,3.2,3.2,3.3,3.3,3.35
3.76,3.27,3.0,2.29,0.98,0.11,-0.95,-1.82,-2.23,-2.53,-2.56,-2.64,-2.67,-2.67,-2.7,-2.7,-2.7,-2.72,-2.72,-2.72,-2.75,-2.75,-2.75,-2.78,-2.81,-2.81,-2.83,-2.83,-2.86,-2.86,-2.86,-2.86,-2.86,-2.89,-2.89,-2.89,-2.86,-2.86,-2.89,-2.91,-2.91,-2.94,-2.94,-2.97,-3.0,-3.0,-3.0,-3.02,-3.02,-3.05,-3.05,-3.08,-3.08,-3.08,-3.08,-3.11,-3.11,-3.11,-3.13,-3.13,-3.13,-3.16,-3.16,-3.19,-3.19,-3.19,-3.21,-3.21,-3.24,-3.24,-3.24,-3.27,-3.3,-3.3,-3.3,-3.32,-3.32,-3.35,-3.35,-3.38,-3.38,-3.38,-3.4,-3.4,-3.4,-3.4,-3.4,-3.4,-3.43,-3.43,-3.46,-3.46,-3.49,-3.49,-3.49,-3.51,-3.51,-3.51,-3.54,-3.54,-3.57,-3.57,-3.57,-3.6,-3.6,-3.6,-3.6,-3.62,-3.62,-3.65,-3.73,-3.76,-3.76,-3.79,-3.81,-3.84,-3.84,-3.87,-3.87,-3.87,-3.87,-3.89,-3.89,-3.89,-3.89,-3.89,-3.89,-3.89,-3.89,-3.89,-3.89,-3.89,-3.89,-3.89,-3.89,-3.89,-3.89,-3.87,-3.87,-3.87,-3.87,-3.84,-3.84,-3.84,-3.81,-3.81,-3.81,-3.81,-3.81,-3.81,-3.79,-3.79,-3.79,-3.76,-3.73,-3.73,-3.73,-3.7,-3.7,-3.7,-3.68,-3.68,-2.75,-1.53,0.0,1.5,2.29,2.94,3.76,4.0,3.84,3.76
2.07,2.07,2.07,2.09,2.09,2.12,2.12,2.12,2.14,2.14,2.14,2.14,2.14,2.14,2.14,2.14,2.14,2.14,2.14,2.14,2.14,2.14,2.14,2.14,2.14,2.14,2.14,2.12,2.12,2.12,2.09,2.09,2.07,2.07,2.05,2.05,2.03,2.0,1.98,1.98,1.96,1.96,1.93,1.93,1.91,1.89,1.86,1.86,1.86,1.84,1.84,1.82,1.79,1.79,1.79,1.77,1.77,1.75,1.75,1.72,1.72,1.7,1.7,1.65,1.65,1.63,1.63,1.61,1.61,1.5,1.21,0.88,0.52,0.25,-0.08,-0.46,-0.71,-1.08,-1.41,-1.75,-2.25,-2.48,-2.73,-2.85,-2.85,-2.68,-2.48,-1.93,-1.31,-1.23,-1.21,-1.19,-1.19,-1.19,-1.16,-1.14,-1.12,-1.12,-1.09,-1.09,-1.07,-1.07,-1.05,-1.05,-1.02,-1.0,-1.0,-0.98,-0.95,-0.93,-0.93,-0.91,-0.88,-0.86,-0.84,-0.84,-0.81,-0.79,-0.77,-0.74,-0.72,-0.72,-0.7,-0.68,-0.68,-0.65,-0.63,-0.61,-0.58,-0.56,-0.56,-0.54,-0.51,-0.49,-0.47,-0.44,-0.44,-0.42,-0.4,-0.4,-0.37,-0.35,-0.33,-0.3,-0.28,-0.26,-0.23,-0.21,-0.19,-0.16,-0.14,-0.12,-0.09,-0.07,-0.05,-0.02,0.0,0.02,0.05,0.07,0.09,0.09,0.12,0.14,0.16,0.19,0.21,0.26,0.26,0.28,0.3,0.33,0.35,0.35,0.37,0.4,0.42,0.44,0.47,0.47,0.49,0.51,0.54,0.56,0.58,0.61,0.63,0.65,0.68,0.68,0.7,0.7,0.72,0.74,0.77,0.79,0.81,0.81,0.84,0.86,0.88,0.91,0.93,0.95,0.95,0.98,1.0,1.0,1.02,1.07,1.07,1.09,1.09,1.14,1.16,1.16,1.16,1.19,1.21,1.23,1.23,1.26,1.26,1.28,1.28,1.3,1.3,1.33,1.33,1.35,1.35,1.37,1.4,1.4,1.42,1.42,1.42,1.44,1.44,1.47,1.49,1.49,1.49,1.51,1.54,1.56,1.56,1.58,1.58,1.61,1.63,1.65,1.65,1.68,1.68,1.7,1.72,1.72,1.75,1.75,1.77,1.77,1.79,1.79,1.82,1.82,1.84,1.84,1.84,1.86,1.86,1.89,1.89,1.91,1.91,1.91,1.93,1.93,1.93,1.96,1.98,1.98,1.98,1.98,2.0,2.0,2.03,2.05,2.05,2.05,2.07
-0.66,-0.68,-0.73,-0.76,-0.8,-0.86,-0.91,-0.98,-1.05,-1.06,-1.13,-1.15,-1.21,-1.23,-1.26,-1.31,-1.41,-1.48,-1.53,-1.53,-1.56,-1.61,-1.65,-1.7,-1.71,-1.76,-1.78,-1.78,-1.81,-1.83,-1.83,-1.88,-1.88,-1.88,-1.89,-1.91,-1.93,-1.94,-1.96,-1.98,-1.98,-2.01,-2.02,-2.06,-2.06,-2.09,-2.11,-2.12,-2.14,-2.15,-2.17,-2.2,-2.2,-2.22,-2.23,-2.25,-2.27,-2.28,-2.3,-2.33,-2.33,-2.35,-2.35,-2.36,-2.38,-2.4,-2.43,-2.43,-2.45,-2.45,-2.45,-2.45,-2.46,-2.46,-2.48,-2.48,-2.49,-2.49,-2.49,-2.49,-2.49,-2.49,-2.48,-2.48,-2.48,-2.46,-2.46,-2.46,-2.43,-2.43,-2.4,-2.4,-2.38,-2.36,-2.35,-2.33,-2.32,-2.3,-2.3,-2.27,-2.25,-2.23,-2.23,-2.2,-2.2,-2.17,-2.14,-2.11,-2.07,-2.06,-2.02,-2.02,-2.01,-1.99,-1.98,-1.94,-1.93,-1.91,-1.88,-1.88,-1.85,-1.83,-1.81,-1.78,-1.77,-1.76,-1.73,-1.7,-1.68,-1.66,-1.65,-1.61,-1.63,-1.6,-1.58,-1.55,-1.53,-1.51,-1.48,-1.43,-1.38,-1.33,-1.3,-1.28,-1.25,-1.23,-1.21,-1.15,-1.1,-1.06,-1.06,-1.01,-0.96,-0.95,-0.88,-0.85,-0.78,-0.73,-0.71,-0.68,-0.61,-0.57,-0.55,-0.48,-0.4,-0.35,-0.27,-0.22,-0.2,-0.15,-0.13,-0.07,-0.05,0.02,0.08,0.18,0.2,0.28,0.3,0.37,0.43,0.45,0.58,0.7,0.78,0.8,0.91,1.0,1.01,1.06,1.08,1.1,1.12,1.15,1.18,1.2,1.21,1.26,1.26,1.3,1.33,1.34,1.41,1.43,1.44,1.46,1.46,1.49,1.54,1.55,1.6,1.62,1.64,1.64,1.68,1.72,1.73,1.77,1.78,1.78,1.8,1.8,1.81,1.83,1.85,1.86,1.88,1.89,1.91,1.91,1.93,1.93,1.94,1.96,1.98,1.98,1.98,1.98,2.01,2.01,2.01,2.02,2.02,2.02,2.02,2.02,2.02,2.02,2.02,2.02,2.02,2.02,2.02,2.02,2.02,2.02,2.01,1.98,1.96,1.96,1.94,1.94,1.93,1.91,1.89,1.89,1.88,1.85,1.85,1.8,1.78,1.73,1.68,1.65,1.64,1.6,1.57,1.55,1.54,1.54,1.51,1.5,1.5,1.46,1.45,1.43,1.4,1.35,1.31,1.28,1.25,1.21,1.23,1.01,1.0,1.0,0.98,0.88,0.86,0.76,0.7,0.68,0.66,0.6,0.58,0.48,0.47,0.35,0.27,0.25,0.2,0.18,0.15,0.13,0.1,0.08,0.02,-0.03,-0.05,-0.13,-0.15,-0.22,-0.3,-0.37,-0.47,-0.55,-0.61,-0.66
10.95,11.0,11.0,10.9,10.9,10.6,10.6,10.5,10.5,10.2,10.2,10.1,10.1,9.7,9.7,9.6,9.6,8.65,8.55,8.45,7.25,7.15,7.05,6.75,6.25,6.15,6.05,5.85,5.75,5.65,5.55,4.65,4.35,4.25,4.15,3.75,2.95,2.85,2.45,2.25,2.15,2.05,0.95,0.85,-0.05,-0.15,-0.45,-0.75,-0.85,-0.95,-2.05,-2.1,-2.2,-2.25,-2.35,-2.45,-3.05,-3.15,-3.25,-3.35,-3.75,-3.85,-4.05,-4.65,-4.75,-4.85,-6.05,-6.15,-6.25,-7.05,-7.15,-7.25,-8.45,-8.55,-8.65,-9.05,-9.35,-9.45,-9.55,-10.1,-10.1,-10.2,-10.2,-10.25,-10.45,-10.55,-10.65,-11.1,-11.1,-11.2,-11.2,-11.1,-11.1,-10.65,-10.55,-10.45,-9.25,-9.15,-9.05,-8.95,-8.55,-8.45,-7.75,-7.65,-7.55,-7.45,-7.35,-7.25,-7.15,-7.05,-6.35,-6.25,-6.15,-6.05,-5.55,-5.45,-5.05,-4.95,-3.85,-3.75,-3.65,-3.55,-3.35,-3.25,-3.15,-3.05,-2.15,-2.05,-0.95,-0.85,-0.75,-0.65,0.55,0.75,0.85,0.95,2.05,2.15,2.25,2.3,2.4,2.45,3.85,4.15,4.25,4.35,4.75,4.85,4.95,5.0,5.0,5.1,5.1,5.55,5.65,5.75,6.55,7.05,7.15,7.25,8.35,8.45,8.55,8.75,8.85,8.95,9.05,9.5,9.5,9.6,9.6,10.0,10.0,10.5,10.5,10.6,10.6,10.9,10.9,10.95
4.75,4.8,4.8,4.7,4.7,4.6,4.6,4.5,4.5,4.4,4.4,4.0,4.0,3.9,3.9,3.8,3.8,3.55,3.45,3.4,3.4,3.3,3.3,3.2,3.2,2.85,2.55,2.35,2.25,2.15,1.95,1.85,0.85,0.75,0.45,0.35,0.25,0.15,-0.45,-0.55,-1.35,-1.45,-1.55,-1.65,-1.85,-2.1,-2.1,-2.15,-2.25,-2.5,-2.5,-2.6,-2.6,-2.9,-2.9,-3.05,-3.15,-3.25,-3.55,-4.4,-4.4,-4.5,-4.5,-4.6,-4.6,-4.5,-4.5,-4.4,-4.4,-4.3,-4.3,-4.2,-4.2,-4.1,-4.1,-4.0,-4.0,-3.6,-3.6,-3.5,-3.5,-3.4,-3.4,-3.15,-2.85,-2.8,-2.8,-2.45,-2.25,-1.85,-1.55,-1.35,-0.45,-0.35,0.15,0.25,0.65,0.75,1.45,1.55,1.75,1.85,1.95,2.05,2.25,2.95,3.05,3.3,3.3,3.4,3.4,3.7,3.7,3.8,3.8,4.15,4.25,4.5,4.5,4.6,4.6,4.75
3.15,3.2,3.2,2.95,2.75,2.7,2.7,2.45,2.25,2.2,2.2,1.95,1.75,1.45,1.25,0.95,0.55,0.45,-0.95,-1.25,-1.45,-1.75,-1.95,-2.05,-2.35,-2.45,-2.85,-3.1,-3.1,-2.85,-2.65,-2.35,-2.25,-2.2,-2.2,-1.95,-1.15,-0.95,0.95,1.25,1.45,1.65,1.95,2.2,2.2,2.25,2.45,2.7,2.7,2.75,2.95,3.15
3.55,3.6,3.6,3.5,3.5,3.35,3.25,3.1,3.1,3.0,3.0,2.85,2.75,2.65,2.55,2.35,2.25,2.15,1.75,1.65,1.45,1.35,1.25,1.15,0.75,0.65,-0.65,-0.75,-1.15,-1.25,-1.65,-1.75,-2.15,-2.25,-2.35,-2.55,-2.65,-2.75,-2.85,-3.0,-3.0,-3.1,-3.1,-3.25,-3.35,-3.5,-3.5,-3.6,-3.6,-3.5,-3.5,-3.35,-3.25,-3.2,-3.2,-3.1,-3.1,-3.0,-3.0,-2.85,-2.75,-2.65,-2.55,-2.35,-2.25,-2.15,-1.75,-1.65,-1.25,-1.15,0.65,0.75,0.85,1.05,1.15,1.25,1.35,1.45,1.65,1.75,1.85,1.95,2.15,2.25,2.35,2.55,2.65,2.75,2.85,3.0,3.0,3.1,3.1,3.25,3.35,3.5,3.5,3.55
5.95,6.0,6.0,5.9,5.9,5.8,5.8,5.35,5.25,5.15,5.05,4.85,4.75,4.25,4.15,4.05,3.95,3.75,3.65,3.35,3.25,3.15,1.55,1.35,1.25,1.15,0.75,0.65,0.35,0.25,-0.45,-0.55,-1.55,-1.65,-2.45,-2.55,-3.05,-3.15,-3.25,-3.8,-3.8,-3.9,-3.9,-4.15,-4.25,-4.8,-4.8,-4.9,-4.9,-5.0,-5.0,-5.1,-5.1,-5.2,-5.2,-5.3,-5.3,-5.4,-5.4,-5.3,-5.3,-4.75,-4.65,-4.2,-4.2,-3.75,-3.65,-3.55,-3.45,-3.35,-3.15,-3.05,-2.75,-2.65,-2.45,-2.35,-1.55,-1.45,-1.35,-1.25,-1.15,-1.05,-0.85,-0.75,-0.65,-0.55,-0.35,-0.25,0.25,0.35,0.85,0.95,1.35,1.45,1.85,1.95,2.35,2.45,2.85,2.95,3.05,3.55,3.65,3.85,3.95,4.05,4.15,5.05,5.15,5.6,5.6,5.7,5.7,5.8,5.8,5.9,5.9,5.95
-3.51,-3.55,-3.59,-3.59,-3.59,-3.59,-3.59,-3.59,-3.59,-3.59,-3.59,-3.59,-3.59,-3.59,-3.59,-3.59,-3.59,-3.59,-3.59,-3.59,-3.59,-3.59,-3.59,-3.59,-3.59,-3.59,-3.59,-3.59,-3.59,-3.59,-3.59,-3.59,-3.59,-3.59,-3.59,-3.63,-3.63,-3.63,-3.63,-3.63,-3.63,-3.63,-3.63,-3.63,-3.63,-3.63,-3.63,-3.63,-3.63,-3.63,-3.63,-3.63,-3.63,-3.63,-3.63,-3.63,-3.63,-3.63,-3.63,-3.63,-3.63,-3.63,-3.63,-3.63,-3.63,-3.63,-3.63,-3.63,-3.63,-3.63,-3.63,-3.63,-3.63,-3.63,-3.63,-3.63,-3.62,-3.62,-3.62,-3.6,-3.6,-3.6,-3.6,-3.6,-3.6,-3.6,-3.6,-3.59,-3.57,-3.56,-3.56,-3.54,-3.53,-3.51,-3.5,-3.5,-3.48,-3.47,-3.47,-3.45,-3.42,-3.41,-3.39,-3.36,-3.35,-3.35,-3.33,-3.3,-3.27,-3.24,-3.21,-3.2,-3.17,-3.14,-3.11,-3.1,-3.08,-3.04,-3.01,-2.98,-2.95,-2.9,-2.87,-2.84,-2.81,-2.8,-2.77,-2.75,-2.69,-2.65,-2.63,-2.59,-2.55,-2.53,-2.5,-2.46,-2.44,-2.41,-2.38,-2.35,-2.29,-2.28,-2.23,-2.22,-2.19,-2.17,-2.14,-2.13,-2.1,-2.08,-2.04,-1.99,-1.95,-1.92,-1.88,-1.86,-1.82,-1.76,-1.73,-1.67,-1.67,-1.65,-1.61,-1.59,-1.56,-1.52,-1.47,-1.43,-1.38,-1.35,-1.32,-1.29,-1.27,-1.19,-1.15,-1.12,-1.07,-1.04,-1.0,-0.95,-0.89,-0.85,-0.8,-0.76,-0.74,-0.68,-0.64,-0.61,-0.58,-0.54,-0.49,-0.48,-0.43,-0.42,-0.36,-0.31,-0.28,-0.22,-0.16,-0.1,-0.07,-0.03,0.04,0.09,0.12,0.13,0.16,0.21,0.24,0.27,0.31,0.31,0.36,0.39,0.43,0.48,0.52,0.55,0.61,0.63,0.64,0.68,0.73,0.74,0.77,0.83,0.85,0.88,0.89,0.92,0.98,1.03,1.07,1.09,1.13,1.18,1.21,1.25,1.29,1.31,1.35,1.35,1.4,1.47,1.49,1.53,1.55,1.59,1.62,1.67,1.71,1.73,1.76,1.77,1.8,1.8,1.83,1.85,1.88,1.91,1.96,1.98,2.07,2.07,2.13,2.13,2.19,2.23,2.29,2.32,2.34,2.35,2.4,2.41,2.44,2.46,2.47,2.52,2.56,2.59,2.62,2.66,2.69,2.72,2.74,2.74,2.77,2.78,2.8,2.81,2.81,2.83,2.86,2.86,2.87,2.87,2.87,2.9,2.92,2.95,2.95,2.96,2.98,2.99,3.01,3.04,3.05,3.05,3.08,3.1,3.11,3.13,3.14,3.14,3.14,3.16,3.16,3.16,3.16,3.16,3.36,3.51,3.17,2.3,1.4,0.0,-0.76,-1.59,-2.57,-3.51
3.45,3.5,3.5,3.4,3.4,2.55,2.45,2.35,2.25,2.15,2.05,1.95,1.65,1.55,-0.25,-0.35,-0.75,-0.85,-0.95,-1.05,-1.35,-1.45,-1.55,-1.65,-2.15,-2.25,-2.35,-2.45,-2.55,-2.65,-2.95,-3.05,-3.35,-3.45,-3.55,-4.0,-4.0,-4.1,-4.1,-4.0,-4.0,-3.9,-3.9,-3.8,-3.8,-3.7,-3.7,-3.6,-3.6,-3.15,-3.05,-2.95,-2.25,-2.15,-2.05,-1.95,-1.85,-1.75,-0.95,-0.85,-0.75,-0.7,-0.6,-0.55,1.15,1.25,1.35,1.45,1.55,1.65,1.75,2.2,2.2,2.3,2.3,2.8,2.8,3.2,3.2,3.4,3.4,3.45
4.15,4.2,4.2,3.95,3.85,3.65,3.55,3.5,3.5,3.15,3.05,2.95,2.85,2.65,2.55,2.45,2.35,2.25,2.15,1.95,1.85,1.75,1.65,1.55,1.45,1.35,1.25,1.15,1.05,0.95,0.45,0.35,0.15,0.05,-0.15,-0.25,-0.75,-1.05,-1.35,-1.65,-1.85,-2.05,-2.55,-2.85,-2.95,-3.3,-3.3,-3.5,-3.5,-3.8,-3.8,-3.9,-3.9,-4.0,-4.0,-4.1,-4.1,-3.75,-3.65,-3.4,-3.4,-2.75,-2.65,-2.55,-2.45,-2.25,-2.15,-2.05,-1.95,-1.75,-1.65,-1.55,-1.45,-1.35,-1.25,-1.15,-1.05,-0.95,-0.85,-0.75,-0.05,0.0,0.1,0.15,0.25,0.35,1.15,1.45,1.65,1.75,2.35,2.65,2.85,3.5,3.5,3.7,3.7,3.8,3.8,3.9,3.9,4.0,4.0,4.15
2.07,2.07,2.07,2.09,2.09,2.12,2.12,2.12,2.14,2.14,2.14,2.14,2.14,2.14,2.14,2.14,2.14,2.14,2.14,2.14,2.14,2.14,2.14,2.14,2.14,2.14,2.14,2.12,2.12,2.12,2.09,2.09,2.07,2.07,2.05,2.05,2.03,2.0,1.98,1.98,1.96,1.96,1.93,1.93,1.91,1.89,1.86,1.86,1.86,1.84,1.84,1.82,1.79,1.79,1.79,1.77,1.77,1.75,1.75,1.72,1.72,1.7,1.7,1.65,1.65,1.63,1.63,1.61,1.61,1.5,1.21,0.88,0.52,0.25,-0.08,-0.46,-0.71,-1.08,-1.41,-1.75,-2.25,-2.48,-2.73,-2.85,-2.85,-2.68,-2.48,-1.93,-1.31,-1.23,-1.21,-1.19,-1.19,-1.19,-1.16,-1.14,-1.12,-1.12,-1.09,-1.09,-1.07,-1.07,-1.05,-1.05,-1.02,-1.0,-1.0,-0.98,-0.95,-0.93,-0.93,-0.91,-0.88,-0.86,-0.84,-0.84,-0.81,-0.79,-0.77,-0.74,-0.72,-0.72,-0.7,-0.68,-0.68,-0.65,-0.63,-0.61,-0.58,-0.56,-0.56,-0.54,-0.51,-0.49,-0.47,-0.44,-0.44,-0.42,-0.4,-0.4,-0.37,-0.35,-0.33,-0.3,-0.28,-0.26,-0.23,-0.21,-0.19,-0.16,-0.14,-0.12,-0.09,-0.07,-0.05,-0.02,0.0,0.02,0.05,0.07,0.09,0.09,0.12,0.14,0.16,0.19,0.21,0.26,0.26,0.28,0.3,0.33,0.35,0.35,0.37,0.4,0.42,0.44,0.47,0.47,0.49,0.51,0.54,0.56,0.58,0.61,0.63,0.65,0.68,0.68,0.7,0.7,0.72,0.74,0.77,0.79,0.81,0.81,0.84,0.86,0.88,0.91,0.93,0.95,0.95,0.98,1.0,1.0,1.02,1.07,1.07,1.09,1.09,1.14,1.16,1.16,1.16,1.19,1.21,1.23,1.23,1.26,1.26,1.28,1.28,1.3,1.3,1.33,1.33,1.35,1.35,1.37,1.4,1.4,1.42,1.42,1.42,1.44,1.44,1.47,1.49,1.49,1.49,1.51,1.54,1.56,1.56,1.58,1.58,1.61,1.63,1.65,1.65,1.68,1.68,1.7,1.72,1.72,1.75,1.75,1.77,1.77,1.79,1.79,1.82,1.82,1.84,1.84,1.84,1.86,1.86,1.89,1.89,1.91,1.91,1.91,1.93,1.93,1.93,1.96,1.98,1.98,1.98,1.98,2.0,2.0,2.03,2.05,2.05,2.05,2.07
5.15,5.2,5.2,5.1,5.1,5.0,5.0,4.6,4.6,4.35,4.25,4.2,4.2,3.95,3.75,3.3,3.3,2.95,2.05,1.9,1.8,1.65,0.75,0.5,0.5,0.4,0.4,0.3,0.3,0.25,-0.05,-0.4,-0.4,-0.5,-0.5,-0.6,-0.6,-1.05,-1.15,-1.25,-1.35,-1.65,-1.85,-2.1,-2.1,-2.15,-2.25,-2.35,-2.45,-2.85,-2.95,-3.3,-3.3,-3.5,-3.5,-3.6,-3.6,-3.7,-3.7,-3.6,-3.6,-3.2,-3.2,-2.8,-2.8,-2.45,-1.85,-1.55,-1.25,-1.05,-0.85,-0.65,-0.45,-0.35,0.35,0.65,0.95,1.15,1.55,1.85,2.05,2.15,2.25,2.55,2.65,2.75,2.85,3.1,3.1,3.2,3.2,3.35,3.45,3.9,3.9,3.95,4.15,4.5,4.5,4.6,4.6,4.7,4.7,4.8,4.8,4.9,4.9,5.0,5.0,5.1,5.1,5.15
-0.66,-0.68,-0.73,-0.76,-0.8,-0.86,-0.91,-0.98,-1.05,-1.06,-1.13,-1.15,-1.21,-1.23,-1.26,-1.31,-1.41,-1.48,-1.53,-1.53,-1.56,-1.61,-1.65,-1.7,-1.71,-1.76,-1.78,-1.78,-1.81,-1.83,-1.83,-1.88,-1.88,-1.88,-1.89,-1.91,-1.93,-1.94,-1.96,-1.98,-1.98,-2.01,-2.02,-2.06,-2.06,-2.09,-2.11,-2.12,-2.14,-2.15,-2.17,-2.2,-2.2,-2.22,-2.23,-2.25,-2.27,-2.28,-2.3,-2.33,-2.33,-2.35,-2.35,-2.36,-2.38,-2.4,-2.43,-2.43,-2.45,-2.45,-2.45,-2.45,-2.46,-2.46,-2.48,-2.48,-2.49,-2.49,-2.49,-2.49,-2.49,-2.49,-2.48,-2.48,-2.48,-2.46,-2.46,-2.46,-2.43,-2.43,-2.4,-2.4,-2.38,-2.36,-2.35,-2.33,-2.32,-2.3,-2.3,-2.27,-2.25,-2.23,-2.23,-2.2,-2.2,-2.17,-2.14,-2.11,-2.07,-2.06,-2.02,-2.02,-2.01,-1.99,-1.98,-1.94,-1.93,-1.91,-1.88,-1.88,-1.85,-1.83,-1.81,-1.78,-1.77,-1.76,-1.73,-1.7,-1.68,-1.66,-1.65,-1.61,-1.63,-1.6,-1.58,-1.55,-1.53,-1.51,-1.48,-1.43,-1.38,-1.33,-1.3,-1.28,-1.25,-1.23,-1.21,-1.15,-1.1,-1.06,-1.06,-1.01,-0.96,-0.95,-0.88,-0.85,-0.78,-0.73,-0.71,-0.68,-0.61,-0.57,-0.55,-0.48,-0.4,-0.35,-0.27,-0.22,-0.2,-0.15,-0.13,-0.07,-0.05,0.02,0.08,0.18,0.2,0.28,0.3,0.37,0.43,0.45,0.58,0.7,0.78,0.8,0.91,1.0,1.01,1.06,1.08,1.1,1.12,1.15,1.18,1.2,1.21,1.26,1.26,1.3,1.33,1.34,1.41,1.43,1.44,1.46,1.46,1.49,1.54,1.55,1.6,1.62,1.64,1.64,1.68,1.72,1.73,1.77,1.78,1.78,1.8,1.8,1.81,1.83,1.85,1.86,1.88,1.89,1.91,1.91,1.93,1.93,1.94,1.96,1.98,1.98,1.98,1.98,2.01,2.01,2.01,2.02,2.02,2.02,2.02,2.02,2.02,2.02,2.02,2.02,2.02,2.02,2.02,2.02,2.02,2.02,2.01,1.98,1.96,1.96,1.94,1.94,1.93,1.91,1.89,1.89,1.88,1.85,1.85,1.8,1.78,1.73,1.68,1.65,1.64,1.6,1.57,1.55,1.54,1.54,1.51,1.5,1.5,1.46,1.45,1.43,1.4,1.35,1.31,1.28,1.25,1.21,1.23,1.01,1.0,1.0,0.98,0.88,0.86,0.76,0.7,0.68,0.66,0.6,0.58,0.48,0.47,0.35,0.27,0.25,0.2,0.18,0.15,0.13,0.1,0.08,0.02,-0.03,-0.05,-0.13,-0.15,-0.22,-0.3,-0.37,-0.47,-0.55,-0.61,-0.66
5.05,5.1,5.1,5.0,5.0,4.6,4.6,4.5,4.5,4.15,4.05,3.95,3.55,3.45,2.35,2.25,1.85,1.75,1.65,1.55,1.35,1.25,1.15,1.05,0.15,0.05,-1.05,-1.15,-2.55,-2.65,-2.75,-2.85,-2.95,-3.05,-3.15,-3.6,-3.6,-3.7,-3.7,-4.0,-4.0,-4.1,-4.1,-4.5,-4.5,-4.6,-4.6,-4.7,-4.7,-4.6,-4.6,-4.5,-4.5,-4.2,-4.2,-4.1,-4.1,-3.75,-3.65,-3.55,-3.15,-3.05,-1.85,-1.75,-1.45,-1.35,-1.25,-1.15,-0.45,-0.35,-0.25,-0.15,0.05,0.15,0.25,0.65,1.35,1.45,2.05,2.15,2.25,2.35,3.45,3.55,3.65,3.75,3.95,4.05,4.15,4.5,4.5,4.6,4.6,5.0,5.0,5.05
4.05,4.1,4.1,3.85,3.75,3.7,3.7,3.6,3.6,3.35,3.25,3.2,3.2,3.1,3.1,2.85,2.65,2.35,2.25,1.95,1.15,0.95,0.75,0.45,-1.45,-1.75,-1.85,-2.2,-2.2,-2.25,-2.35,-2.7,-2.7,-2.75,-2.95,-3.05,-3.45,-3.75,-3.95,-4.2,-4.2,-4.25,-4.35,-4.6,-4.6,-4.7,-4.7,-4.45,-4.25,-4.2,-4.2,-3.95,-3.75,-3.7,-3.7,-3.45,-3.25,-3.2,-3.2,-2.95,-2.75,-2.7,-2.7,-2.45,-1.05,-0.95,-0.55,-0.45,0.45,0.65,0.95,1.15,1.45,1.75,1.95,2.2,2.2,2.25,2.45,2.7,2.7,2.75,2.85,3.25,3.35,3.6,3.6,3.65,3.85,4.05
4.75,4.87,4.09,2.61,1.38,-0.27,-1.23,-2.49,-3.06,-3.67,-3.73,-3.94,-4.39,-4.87,-4.3,-4.18,-3.37,-2.7,-2.64,-1.65,-1.65,-1.65,-1.62,-1.59,-1.59,-1.56,-1.56,-1.56,-1.53,-1.53,-1.47,-1.5,-1.44,-1.41,-1.32,-1.26,-1.2,-1.14,-1.08,-1.08,-0.99,-0.93,-0.84,-0.78,-0.75,-0.72,-0.63,-0.63,-0.6,-0.54,-0.48,-0.45,-0.42,-0.39,-0.33,-0.21,-0.18,-0.09,-0.06,-0.06,0.03,0.12,0.24,0.3,0.33,0.42,0.48,0.6,0.66,0.75,0.78,0.84,0.87,0.93,1.02,1.08,1.08,1.2,1.26,1.29,1.35,1.38,1.41,1.44,1.5,1.53,1.59,1.68,1.77,1.86,1.98,2.04,2.13,2.16,2.19,2.25,2.28,2.46,2.49,2.85,2.94,3.22,3.64,4.21,4.78,4.78,4.75
4.15,4.2,4.2,3.95,3.75,3.7,3.7,3.45,3.25,3.2,3.2,2.95,2.75,2.45,0.75,0.45,0.05,-0.05,-0.95,-1.05,-1.45,-1.75,-1.95,-2.25,-2.45,-2.75,-2.95,-3.25,-3.45,-3.7,-3.7,-3.75,-3.95,-4.2,-4.2,-3.95,-3.75,-3.7,-3.7,-3.45,-3.25,-2.95,-2.75,-2.45,-2.25,-1.95,-1.55,-1.45,-0.65,-0.45,-0.25,0.05,0.45,0.55,1.45,1.55,1.95,2.25,2.45,2.7,2.7,2.75,2.95,3.15,3.45,3.7,3.7,3.75,3.85,4.1,4.1,4.15
3.56,3.58,3.61,3.71,3.72,3.77,3.78,3.8,3.91,4.07,4.12,4.18,5.25,5.29,5.37,5.38,5.39,5.39,5.43,5.45,5.45,5.48,5.76,5.71,5.7,5.69,5.64,5.54,5.48,5.49,5.49,5.48,5.43,5.41,5.36,5.26,5.16,5.06,4.96,4.86,4.56,4.46,4.36,4.26,3.86,3.76,3.46,3.36,2.96,2.86,2.36,2.26,1.96,1.86,1.56,1.46,0.66,0.56,0.46,0.36,0.26,0.16,0.06,-0.04,-0.14,-0.24,-1.04,-1.14,-1.44,-1.54,-1.64,-1.74,-1.84,-1.94,-2.04,-2.49,-2.49,-2.59,-2.59,-2.79,-2.79,-2.99,-2.99,-3.09,-3.09,-3.29,-3.29,-3.64,-3.74,-3.84,-4.14,-4.24,-4.84,-4.94,-5.04,-5.14,-5.24,-5.34,-5.44,-5.89,-5.89,-6.09,-6.09,-6.29,-6.29,-6.39,-6.39,-6.49,-6.49,-6.59,-6.59,-6.69,-6.69,-6.79,-6.79,-6.89,-6.89,-6.79,-6.79,-6.69,-6.69,-6.59,-6.59,-6.14,-6.04,-5.84,-5.74,-5.64,-5.54,-5.44,-5.34,-5.24,-5.14,-5.04,-4.74,-4.64,-3.84,-3.74,-3.34,-3.24,-3.14,-3.04,-2.84,-2.74,-2.64,-2.54,-2.44,-2.34,-2.24,-2.04,-1.94,-1.84,-1.74,-1.64,-1.54,-1.44,-1.34,-1.24,-1.14,-0.94,-0.84,-0.74,-0.44,-0.34,-0.24,-0.14,0.06,0.16,0.46,0.56,0.76,0.86,1.96,2.06,2.36,2.46,2.56,2.66,2.86,2.96,3.06,3.16,3.26,3.36,3.46,3.56
5.95,6.0,6.0,5.9,5.9,5.8,5.8,5.35,5.25,5.15,5.05,4.85,4.75,4.25,4.15,4.05,3.95,3.75,3.65,3.35,3.25,3.15,1.55,1.35,1.25,1.15,0.75,0.65,0.35,0.25,-0.45,-0.55,-1.55,-1.65,-2.45,-2.55,-3.05,-3.15,-3.25,-3.8,-3.8,-3.9,-3.9,-4.15,-4.25,-4.8,-4.8,-4.9,-4.9,-5.0,-5.0,-5.1,-5.1,-5.2,-5.2,-5.3,-5.3,-5.4,-5.4,-5.3,-5.3,-4.75,-4.65,-4.2,-4.2,-3.75,-3.65,-3.55,-3.45,-3.35,-3.15,-3.05,-2.75,-2.65,-2.45,-2.35,-1.55,-1.45,-1.35,-1.25,-1.15,-1.05,-0.85,-0.75,-0.65,-0.55,-0.35,-0.25,0.25,0.35,0.85,0.95,1.35,1.45,1.85,1.95,2.35,2.45,2.85,2.95,3.05,3.55,3.65,3.85,3.95,4.05,4.15,5.05,5.15,5.6,5.6,5.7,5.7,5.8,5.8,5.9,5.9,5.95
5.85,5.9,5.9,5.8,5.8,5.7,5.7,5.6,5.6,5.5,5.5,5.4,5.4,5.3,5.3,4.75,4.55,4.45,3.95,3.85,3.65,3.6,3.5,3.35,2.95,2.85,2.75,2.65,2.45,2.35,1.35,1.25,0.95,0.75,0.05,-0.05,-0.15,-0.25,-0.45,-0.55,-0.75,-1.05,-1.45,-1.65,-1.75,-2.05,-2.15,-2.95,-3.05,-3.4,-3.4,-4.0,-4.0,-4.1,-4.1,-4.3,-4.3,-4.4,-4.4,-4.3,-4.3,-4.4,-4.4,-4.5,-4.5,-4.6,-4.6,-4.65,-4.75,-5.1,-5.1,-5.0,-5.0,-4.9,-4.9,-4.8,-4.8,-4.7,-4.7,-4.6,-4.6,-4.5,-4.5,-3.9,-3.9,-3.7,-3.7,-3.3,-3.3,-2.25,-2.05,-1.95,-1.75,-1.65,-0.35,-0.25,0.15,0.25,0.65,0.75,0.85,1.05,1.25,1.35,1.75,2.0,2.0,2.25,2.45,2.75,2.95,3.2,3.2,3.25,3.35,3.45,3.55,4.2,4.2,4.4,4.4,4.8,4.8,4.9,4.9,5.0,5.0,5.1,5.1,5.3,5.3,5.4,5.4,5.5,5.5,5.4,5.4,5.6,5.6,5.85
2.85,2.9,2.9,2.8,2.8,2.65,2.55,2.4,2.4,2.3,2.3,2.15,2.05,1.95,1.75,1.65,1.55,1.45,1.05,0.95,0.55,0.45,-1.95,-2.05,-2.45,-2.55,-2.65,-2.75,-2.95,-3.05,-3.45,-3.55,-3.65,-3.8,-3.8,-3.9,-3.9,-4.05,-4.15,-4.3,-4.3,-4.4,-4.4,-4.3,-4.3,-4.05,-3.95,-3.9,-3.9,-3.8,-3.8,-3.55,-3.45,-3.35,-2.95,-2.85,-2.45,-2.35,-2.25,-2.15,-2.05,-1.95,-1.55,-1.45,-0.05,0.05,0.25,0.35,0.45,0.55,1.45,1.55,1.65,1.75,1.95,2.05,2.15,2.3,2.3,2.4,2.4,2.45,2.55,2.8,2.8,2.85
4.05,4.1,4.1,3.85,3.75,3.7,3.7,3.6,3.6,3.35,3.25,3.2,3.2,2.95,2.75,2.7,2.7,2.45,2.25,2.2,2.2,1.95,1.75,1.45,1.05,0.95,0.55,0.45,-0.95,-1.05,-1.45,-1.65,-2.35,-2.65,-2.85,-3.1,-3.1,-3.2,-3.2,-3.25,-3.35,-3.6,-3.6,-3.7,-3.7,-3.6,-3.6,-3.35,-3.25,-3.2,-3.2,-2.85,-2.75,-2.7,-2.7,-2.45,-2.25,-1.95,-1.55,-1.45,-0.55,-0.45,1.45,1.55,2.35,2.55,2.95,3.15,3.35,3.6,3.6,3.7,3.7,3.75,3.85,4.05
4.15,4.2,4.2,3.95,3.85,3.65,3.55,3.5,3.5,3.15,3.05,2.95,2.85,2.65,2.55,2.45,2.35,2.25,2.15,1.95,1.85,1.75,1.65,1.55,1.45,1.35,1.25,1.15,1.05,0.95,0.45,0.35,0.15,0.05,-0.15,-0.25,-0.75,-1.05,-1.35,-1.65,-1.85,-2.05,-2.55,-2.85,-2.95,-3.3,-3.3,-3.5,-3.5,-3.8,-3.8,-3.9,-3.9,-4.0,-4.0,-4.1,-4.1,-3.75,-3.65,-3.4,-3.4,-2.75,-2.65,-2.55,-2.45,-2.25,-2.15,-2.05,-1.95,-1.75,-1.65,-1.55,-1.45,-1.35,-1.25,-1.15,-1.05,-0.95,-0.85,-0.75,-0.05,0.0,0.1,0.15,0.25,0.35,1.15,1.45,1.65,1.75,2.35,2.65,2.85,3.5,3.5,3.7,3.7,3.8,3.8,3.9,3.9,4.0,4.0,4.15
2.75,2.8,2.8,2.7,2.7,2.25,2.15,2.05,1.95,1.75,1.65,1.55,1.15,1.05,0.65,0.55,-1.55,-1.65,-1.75,-1.85,-2.05,-2.15,-2.25,-2.7,-2.7,-2.8,-2.8,-3.2,-3.2,-3.3,-3.3,-3.2,-3.2,-2.8,-2.8,-2.7,-2.7,-2.25,-2.15,-2.05,-1.65,-1.55,2.05,2.15,2.25,2.7,2.7,2.75
5.05,5.1,5.1,5.0,5.0,4.6,4.6,4.5,4.5,4.15,4.05,3.95,3.55,3.45,2.35,2.25,1.85,1.75,1.65,1.55,1.35,1.25,1.15,1.05,0.15,0.05,-1.05,-1.15,-2.55,-2.65,-2.75,-2.85,-2.95,-3.05,-3.15,-3.6,-3.6,-3.7,-3.7,-4.0,-4.0,-4.1,-4.1,-4.5,-4.5,-4.6,-4.6,-4.7,-4.7,-4.6,-4.6,-4.5,-4.5,-4.2,-4.2,-4.1,-4.1,-3.75,-3.65,-3.55,-3.15,-3.05,-1.85,-1.75,-1.45,-1.35,-1.25,-1.15,-0.45,-0.35,-0.25,-0.15,0.05,0.15,0.25,0.65,1.35,1.45,2.05,2.15,2.25,2.35,3.45,3.55,3.65,3.75,3.95,4.05,4.15,4.5,4.5,4.6,4.6,5.0,5.0,5.05
-0.55,0.6,1.54,2.2,2.96,3.21,3.07,3.07,3.07,3.07,3.05,3.05,3.05,3.05,3.03,3.03,3.03,3.03,3.0,3.0,3.0,2.98,2.96,2.96,2.96,2.96,2.94,2.94,2.89,2.89,2.89,2.89,2.89,2.89,2.89,2.89,2.89,2.91,2.91,2.94,2.94,2.96,2.98,2.98,2.98,2.98,3.0,3.0,3.0,3.0,3.03,3.05,3.05,3.05,3.05,3.05,3.07,3.07,3.07,3.1,3.1,3.12,3.12,3.14,3.16,3.16,3.19,3.19,3.21,3.21,3.23,3.26,3.28,3.28,3.3,3.3,3.33,3.35,3.37,3.39,3.39,3.42,3.44,3.44,3.46,3.46,3.46,3.49,3.49,3.53,3.46,3.03,1.72,0.87,-0.64,-1.95,-2.89,-3.51,-3.65,-3.65,-3.65,-3.65,-3.65,-3.65,-3.65,-3.65,-3.65,-3.65,-3.65,-3.62,-3.62,-3.62,-3.62,-3.62,-3.62,-3.62,-3.62,-3.6,-3.6,-3.6,-3.6,-3.58,-3.58,-3.58,-3.58,-3.58,-3.44,-3.44,-3.44,-3.42,-3.42,-3.42,-3.39,-3.39,-3.39,-3.39,-3.39,-3.37,-3.35,-3.35,-3.35,-3.35,-3.35,-3.35,-3.35,-3.33,-3.33,-3.33,-3.33,-3.33,-3.33,-3.3,-3.3,-3.3,-3.28,-3.28,-3.28,-3.28,-3.28,-3.28,-3.28,-3.28,-3.28,-3.28,-3.28,-3.3,-3.3,-3.3,-3.3,-3.3,-3.3,-3.3,-3.33,-3.33,-3.33,-3.33,-3.33,-3.35,-3.35,-3.35,-3.35,-3.35,-3.35,-3.37,-3.37,-3.37,-3.39,-3.39,-3.42,-3.42,-3.58,-3.55,-2.94,-2.0,-1.65,-1.28,-0.55,-0.55
5.95,6.0,6.0,5.9,5.9,5.8,5.8,5.35,5.25,5.15,5.05,4.85,4.75,4.25,4.15,4.05,3.95,3.75,3.65,3.35,3.25,3.15,1.55,1.35,1.25,1.15,0.75,0.65,0.35,0.25,-0.45,-0.55,-1.55,-1.65,-2.45,-2.55,-3.05,-3.15,-3.25,-3.8,-3.8,-3.9,-3.9,-4.15,-4.25,-4.8,-4.8,-4.9,-4.9,-5.0,-5.0,-5.1,-5.1,-5.2,-5.2,-5.3,-5.3,-5.4,-5.4,-5.3,-5.3,-4.75,-4.65,-4.2,-4.2,-3.75,-3.65,-3.55,-3.45,-3.35,-3.15,-3.05,-2.75,-2.65,-2.45,-2.35,-1.55,-1.45,-1.35,-1.25,-1.15,-1.05,-0.85,-0.75,-0.65,-0.55,-0.35,-0.25,0.25,0.35,0.85,0.95,1.35,1.45,1.85,1.95,2.35,2.45,2.85,2.95,3.05,3.55,3.65,3.85,3.95,4.05,4.15,5.05,5.15,5.6,5.6,5.7,5.7,5.8,5.8,5.9,5.9,5.95
2.18,2.13,0.44,0.35,0.25,0.15,0.05,-0.95,-1.05,-1.15,-1.35,-1.75,-1.85,-1.95,-2.3,-2.3,-2.4,-2.4,-2.3,-2.3,-1.95,-1.85,-1.75,-1.65,-1.55,-1.45,-1.35,-0.85,-0.75,-0.65,-0.55,1.17,2.09,2.18
2.85,2.9,2.9,2.8,2.8,2.65,2.55,2.4,2.4,2.3,2.3,2.15,2.05,1.95,1.75,1.65,1.55,1.45,1.05,0.95,0.55,0.45,-1.95,-2.05,-2.45,-2.55,-2.65,-2.75,-2.95,-3.05,-3.45,-3.55,-3.65,-3.8,-3.8,-3.9,-3.9,-4.05,-4.15,-4.3,-4.3,-4.4,-4.4,-4.3,-4.3,-4.05,-3.95,-3.9,-3.9,-3.8,-3.8,-3.55,-3.45,-3.35,-2.95,-2.85,-2.45,-2.35,-2.25,-2.15,-2.05,-1.95,-1.55,-1.45,-0.05,0.05,0.25,0.35,0.45,0.55,1.45,1.55,1.65,1.75,1.95,2.05,2.15,2.3,2.3,2.4,2.4,2.45,2.55,2.8,2.8,2.85
4.15,4.2,4.2,3.85,3.75,3.7,3.7,3.45,1.55,1.3,1.3,1.25,1.05,0.95,-0.45,-0.75,-0.95,-1.25,-1.95,-2.15,-2.45,-2.55,-2.95,-3.2,-3.2,-2.95,-2.65,-2.45,-1.05,-0.95,-0.05,0.15,0.25,0.3,0.3,0.55,1.45,1.55,1.95,2.2,2.2,2.25,2.45,2.7,2.7,2.75,2.85,3.15,3.45,3.7,3.7,3.75,3.85,4.15
4.15,4.2,4.2,4.1,4.1,3.75,3.65,3.55,3.25,3.15,2.45,2.35,1.95,1.85,1.15,1.05,0.75,0.65,0.55,0.45,-0.55,-0.65,-0.75,-1.25,-1.35,-1.7,-1.7,-1.85,-1.95,-2.35,-2.45,-2.95,-3.05,-3.5,-3.5,-3.6,-3.6,-3.7,-3.7,-3.6,-3.6,-3.25,-3.15,-2.75,-2.65,-2.35,-2.25,-2.15,-0.95,-0.85,-0.55,-0.45,-0.05,0.05,0.15,0.35,0.55,0.65,0.75,0.95,1.15,1.25,1.35,1.45,1.75,1.85,3.15,3.25,3.35,3.7,3.7,3.8,3.8,3.9,3.9,4.0,4.0,4.1,4.1,4.15
4.25,3.64,2.71,1.88,0.93,-0.0,-0.85,-1.98,-2.96,-3.54,-4.12,-4.22,-4.27,-3.72,-2.74,-1.71,-0.68,0.15,1.05,2.06,3.22,4.22,4.6,4.62,4.32,4.25
2.75,2.8,2.8,2.7,2.7,2.25,2.15,2.05,1.95,1.75,1.65,1.55,1.15,1.05,0.65,0.55,-1.55,-1.65,-1.75,-1.85,-2.05,-2.15,-2.25,-2.7,-2.7,-2.8,-2.8,-3.2,-3.2,-3.3,-3.3,-3.2,-3.2,-2.8,-2.8,-2.7,-2.7,-2.25,-2.15,-2.05,-1.65,-1.55,2.05,2.15,2.25,2.7,2.7,2.75
6.99,-6.83,-6.83,-6.83,-0.84,5.22,6.99,7.04,7.04,7.04,7.04,7.04,7.04,7.04,7.04,6.99,6.99,6.99,6.99
-0.55,0.6,1.54,2.2,2.96,3.21,3.07,3.07,3.07,3.07,3.05,3.05,3.05,3.05,3.03,3.03,3.03,3.03,3.0,3.0,3.0,2.98,2.96,2.96,2.96,2.96,2.94,2.94,2.89,2.89,2.89,2.89,2.89,2.89,2.89,2.89,2.89,2.91,2.91,2.94,2.94,2.96,2.98,2.98,2.98,2.98,3.0,3.0,3.0,3.0,3.03,3.05,3.05,3.05,3.05,3.05,3.07,3.07,3.07,3.1,3.1,3.12,3.12,3.14,3.16,3.16,3.19,3.19,3.21,3.21,3.23,3.26,3.28,3.28,3.3,3.3,3.33,3.35,3.37,3.39,3.39,3.42,3.44,3.44,3.46,3.46,3.46,3.49,3.49,3.53,3.46,3.03,1.72,0.87,-0.64,-1.95,-2.89,-3.51,-3.65,-3.65,-3.65,-3.65,-3.65,-3.65,-3.65,-3.65,-3.65,-3.65,-3.65,-3.62,-3.62,-3.62,-3.62,-3.62,-3.62,-3.62,-3.62,-3.6,-3.6,-3.6,-3.6,-3.58,-3.58,-3.58,-3.58,-3.58,-3.44,-3.44,-3.44,-3.42,-3.42,-3.42,-3.39,-3.39,-3.39,-3.39,-3.39,-3.37,-3.35,-3.35,-3.35,-3.35,-3.35,-3.35,-3.35,-3.33,-3.33,-3.33,-3.33,-3.33,-3.33,-3.3,-3.3,-3.3,-3.28,-3.28,-3.28,-3.28,-3.28,-3.28,-3.28,-3.28,-3.28,-3.28,-3.28,-3.3,-3.3,-3.3,-3.3,-3.3,-3.3,-3.3,-3.33,-3.33,-3.33,-3.33,-3.33,-3.35,-3.35,-3.35,-3.35,-3.35,-3.35,-3.37,-3.37,-3.37,-3.39,-3.39,-3.42,-3.42,-3.58,-3.55,-2.94,-2.0,-1.65,-1.28,-0.55,-0.55
3.15,3.2,3.2,3.1,3.1,2.7,2.7,2.6,2.6,2.25,2.15,2.05,1.85,1.75,1.65,1.55,0.45,0.35,-0.55,-0.65,-1.05,-1.15,-1.25,-1.45,-1.55,-1.65,-2.05,-2.15,-2.25,-2.6,-2.6,-2.7,-2.7,-3.1,-3.1,-3.2,-3.2,-3.1,-3.1,-2.7,-2.7,-2.6,-2.6,-2.25,-2.15,-2.05,-1.85,-1.75,-1.65,-1.55,0.05,0.15,0.25,0.35,0.55,0.65,0.75,1.05,1.55,1.65,1.75,1.85,2.05,2.15,2.25,2.6,2.6,2.7,2.7,3.1,3.1,3.15
3.55,3.6,3.6,3.5,3.5,3.4,3.4,3.3,3.3,3.2,3.2,3.1,3.1,2.85,2.75,2.65,2.55,2.45,1.45,1.2,1.2,1.15,0.95,0.7,0.7,0.65,0.55,0.45,0.15,0.05,-0.25,-0.7,-0.7,-0.75,-0.95,-1.05,-1.15,-1.35,-1.65,-1.75,-2.25,-2.7,-2.7,-2.75,-2.95,-3.3,-3.3,-3.45,-3.65,-3.9,-3.9,-4.0,-4.0,-4.1,-4.1,-4.2,-4.2,-4.3,-4.3,-4.4,-4.4,-4.5,-4.5,-4.6,-4.6,-4.7,-4.7,-4.8,-4.8,-4.9,-4.9,-5.0,-5.0,-4.9,-4.9,-4.65,-4.55,-4.2,-4.2,-3.95,-3.65,-3.55,-2.95,-2.85,-1.65,-1.4,-1.4,-1.35,-1.05,-0.85,-0.55,-0.45,-0.35,-0.25,-0.15,0.15,0.25,0.8,0.8,0.85,0.95,1.3,1.3,1.35,1.55,2.05,2.15,2.6,2.6,2.65,2.85,3.3,3.3,3.4,3.4,3.5,3.5,3.55
0.56,0.03,-0.44,-0.87,-1.26,-1.58,-1.85,-1.88,-1.78,-1.59,-1.31,-0.95,-0.59,-0.25,-0.23,-0.21,-0.2,-0.19,-0.17,-0.16,-0.15,-0.13,-0.09,-0.08,-0.04,-0.03,0.03,0.04,0.08,0.09,0.11,0.12,0.13,0.16,0.19,0.21,0.23,0.25,0.29,0.31,0.32,0.38,0.4,0.43,0.44,0.46,0.48,0.51,0.54,0.58,0.62,0.64,0.66,0.68,0.7,0.84,1.22,1.41,1.54,1.65,1.69,1.69,1.69,1.69,1.69,1.67,1.66,1.65,1.65,1.63,1.63,1.63,1.62,1.61,1.61,1.59,1.58,1.57,1.54,1.53,1.51,1.49,1.46,1.45,1.43,1.41,1.39,1.39,1.37,1.34,1.31,1.3,1.3,1.26,1.26,1.22,1.21,1.18,1.11,0.55,0.56
3.35,3.4,3.4,3.3,3.3,3.2,3.2,3.1,3.1,3.0,3.0,2.6,2.6,2.5,2.5,2.4,2.4,1.25,1.15,1.05,0.85,0.75,0.65,0.55,0.35,0.25,-1.05,-1.15,-1.35,-1.45,-1.55,-1.65,-1.85,-1.95,-2.05,-2.15,-2.25,-2.35,-2.45,-2.55,-2.65,-3.2,-3.2,-3.4,-3.4,-3.5,-3.5,-3.6,-3.6,-3.7,-3.7,-3.6,-3.6,-3.5,-3.5,-3.3,-3.3,-3.2,-3.2,-2.5,-2.5,-1.95,-1.85,-1.75,-1.65,-1.55,-1.45,-1.3,-1.3,-0.75,-0.65,-0.55,-0.35,-0.25,1.45,1.55,1.75,1.85,1.95,2.6,2.6,2.8,2.8,2.9,2.9,3.1,3.1,3.2,3.2,3.3,3.3,3.35
4.45,4.5,4.5,4.4,4.4,4.3,4.3,4.2,4.2,4.1,4.1,3.9,3.9,3.7,3.7,2.75,2.65,2.45,2.35,2.25,1.75,1.65,1.45,1.35,1.25,1.15,0.95,0.85,0.75,0.65,0.05,-0.05,-0.65,-0.75,-1.05,-1.35,-1.45,-1.7,-1.7,-1.85,-2.25,-2.45,-2.65,-2.75,-2.85,-2.95,-3.05,-3.25,-3.55,-3.65,-3.75,-4.0,-4.0,-4.1,-4.1,-4.2,-4.2,-4.3,-4.3,-4.4,-4.4,-4.3,-4.3,-4.2,-4.2,-4.1,-4.1,-4.0,-4.0,-3.9,-3.9,-3.8,-3.8,-3.7,-3.7,-3.6,-3.6,-2.95,-2.85,-2.65,-2.55,-2.25,-2.15,-1.95,-1.85,-1.55,-1.45,-1.35,-1.25,-1.15,-0.85,-0.75,-0.25,-0.15,0.75,0.85,1.05,1.15,1.45,1.55,1.65,1.75,1.95,2.05,2.15,2.25,2.35,2.65,2.75,3.1,3.1,4.0,4.0,4.1,4.1,4.2,4.2,4.3,4.3,4.4,4.4,4.45
2.18,2.13,0.44,0.35,0.25,0.15,0.05,-0.95,-1.05,-1.15,-1.35,-1.75,-1.85,-1.95,-2.3,-2.3,-2.4,-2.4,-2.3,-2.3,-1.95,-1.85,-1.75,-1.65,-1.55,-1.45,-1.35,-0.85,-0.75,-0.65,-0.55,1.17,2.09,2.18
